symbol,nse,bse,tradingview
20MICRONS,20MICRONS,,NSE:20MICRONS
21STCENMGM,21STCENMGM,,NSE:21STCENMGM
360ONE,360ONE,,NSE:360ONE
3IINFOLTD,3IINFOLTD,,NSE:3IINFOLTD
3MINDIA,3MINDIA,,NSE:3MINDIA
3PLAND,3PLAND,,NSE:3PLAND
5PAISA,5PAISA,,NSE:5PAISA
63MOONS,63MOONS,,NSE:63MOONS
A2ZINFRA,A2ZINFRA,,NSE:A2ZINFRA
AAATECH,AAATECH,,NSE:AAATECH
AADHARHFC,AADHARHFC,,NSE:AADHARHFC
AAKASH,AAKASH,,NSE:AAKASH
AAREYDRUGS,AAREYDRUGS,,NSE:AAREYDRUGS
AARNAV,AARNAV,,NSE:AARNAV
AARON,AARON,,NSE:AARON
AARTECH,AARTECH,,NSE:AARTECH
AARTIDRUGS,AARTIDRUGS,,NSE:AARTIDRUGS
AARTIIND,AARTIIND,,NSE:AARTIIND
AARTIPHARM,AARTIPHARM,,NSE:AARTIPHARM
AARTISURF,AARTISURF,,NSE:AARTISURF
AARVI,AARVI,,NSE:AARVI
AAVAS,AAVAS,,NSE:AAVAS
ABAN,ABAN,,NSE:ABAN
ABB,ABB,,NSE:ABB
ABBOTINDIA,ABBOTINDIA,,NSE:ABBOTINDIA
ABCAPITAL,ABCAPITAL,,NSE:ABCAPITAL
ABCOTS,ABCOTS,,NSE:ABCOTS
ABDL,ABDL,,NSE:ABDL
ABFRL,ABFRL,,NSE:ABFRL
ABINFRA,ABINFRA,,NSE:ABINFRA
ABLBL,ABLBL,,NSE:ABLBL
ABMINTLLTD,ABMINTLLTD,,NSE:ABMINTLLTD
ABREL,ABREL,,NSE:ABREL
ABSLAMC,ABSLAMC,,NSE:ABSLAMC
ACC,ACC,,NSE:ACC
ACCELYA,ACCELYA,,NSE:ACCELYA
ACCURACY,ACCURACY,,NSE:ACCURACY
ACE,ACE,,NSE:ACE
ACEINTEG,ACEINTEG,,NSE:ACEINTEG
ACI,ACI,,NSE:ACI
ACL,ACL,,NSE:ACL
ACMESOLAR,ACMESOLAR,,NSE:ACMESOLAR
ACUTAAS,ACUTAAS,,NSE:ACUTAAS
ADANIENSOL,ADANIENSOL,,NSE:ADANIENSOL
ADANIENT,ADANIENT,,NSE:ADANIENT
ADANIGREEN,ADANIGREEN,,NSE:ADANIGREEN
ADANIPORTS,ADANIPORTS,,NSE:ADANIPORTS
ADANIPOWER,ADANIPOWER,,NSE:ADANIPOWER
ADFFOODS,ADFFOODS,,NSE:ADFFOODS
ADL,ADL,,NSE:ADL
ADOR,ADOR,,NSE:ADOR
ADROITINFO,ADROITINFO,,NSE:ADROITINFO
ADSL,ADSL,,NSE:ADSL
ADVAIT,ADVAIT,,NSE:ADVAIT
ADVANCE,ADVANCE,,NSE:ADVANCE
ADVANIHOTR,ADVANIHOTR,,NSE:ADVANIHOTR
ADVENTHTL,ADVENTHTL,,NSE:ADVENTHTL
ADVENZYMES,ADVENZYMES,,NSE:ADVENZYMES
AEGISLOG,AEGISLOG,,NSE:AEGISLOG
AEGISVOPAK,AEGISVOPAK,,NSE:AEGISVOPAK
AEPL,AEPL,,NSE:AEPL
AEQUS,AEQUS,,NSE:AEQUS
AEROENTER,AEROENTER,,NSE:AEROENTER
AEROFLEX,AEROFLEX,,NSE:AEROFLEX
AERONEU,AERONEU,,NSE:AERONEU
AETHER,AETHER,,NSE:AETHER
AFCONS,AFCONS,,NSE:AFCONS
AFFLE,AFFLE,,NSE:AFFLE
AFFORDABLE,AFFORDABLE,,NSE:AFFORDABLE
AFIL,AFIL,,NSE:AFIL
AFSL,AFSL,,NSE:AFSL
AGARIND,AGARIND,,NSE:AGARIND
AGARWALEYE,AGARWALEYE,,NSE:AGARWALEYE
AGI,AGI,,NSE:AGI
AGIIL,AGIIL,,NSE:AGIIL
AGRITECH,AGRITECH,,NSE:AGRITECH
AGROPHOS,AGROPHOS,,NSE:AGROPHOS
AGSTRA,AGSTRA,,NSE:AGSTRA
AHCL,AHCL,,NSE:AHCL
AHLADA,AHLADA,,NSE:AHLADA
AHLEAST,AHLEAST,,NSE:AHLEAST
AHLUCONT,AHLUCONT,,NSE:AHLUCONT
AIAENG,AIAENG,,NSE:AIAENG
AIIL,AIIL,,NSE:AIIL
AIRAN,AIRAN,,NSE:AIRAN
AIROLAM,AIROLAM,,NSE:AIROLAM
AJANTPHARM,AJANTPHARM,,NSE:AJANTPHARM
AJAXENGG,AJAXENGG,,NSE:AJAXENGG
AJMERA,AJMERA,,NSE:AJMERA
AJOONI,AJOONI,,NSE:AJOONI
AKASH,AKASH,,NSE:AKASH
AKG,AKG,,NSE:AKG
AKI,AKI,,NSE:AKI
AKSHAR,AKSHAR,,NSE:AKSHAR
AKSHARCHEM,AKSHARCHEM,,NSE:AKSHARCHEM
AKSHOPTFBR,AKSHOPTFBR,,NSE:AKSHOPTFBR
AKUMS,AKUMS,,NSE:AKUMS
AKZOINDIA,AKZOINDIA,,NSE:AKZOINDIA
ALANKIT,ALANKIT,,NSE:ALANKIT
ALBERTDAVD,ALBERTDAVD,,NSE:ALBERTDAVD
ALEMBICLTD,ALEMBICLTD,,NSE:ALEMBICLTD
ALGOQUANT,ALGOQUANT,,NSE:ALGOQUANT
ALICON,ALICON,,NSE:ALICON
ALIVUS,ALIVUS,,NSE:ALIVUS
ALKALI,ALKALI,,NSE:ALKALI
ALKEM,ALKEM,,NSE:ALKEM
ALKYLAMINE,ALKYLAMINE,,NSE:ALKYLAMINE
ALLCARGO,ALLCARGO,,NSE:ALLCARGO
ALLDIGI,ALLDIGI,,NSE:ALLDIGI
ALLTIME,ALLTIME,,NSE:ALLTIME
ALMONDZ,ALMONDZ,,NSE:ALMONDZ
ALOKINDS,ALOKINDS,,NSE:ALOKINDS
ALPA,ALPA,,NSE:ALPA
ALPHAGEO,ALPHAGEO,,NSE:ALPHAGEO
AMAGI,AMAGI,,NSE:AMAGI
AMANTA,AMANTA,,NSE:AMANTA
AMBER,AMBER,,NSE:AMBER
AMBICAAGAR,AMBICAAGAR,,NSE:AMBICAAGAR
AMBIKCO,AMBIKCO,,NSE:AMBIKCO
AMBUJACEM,AMBUJACEM,,NSE:AMBUJACEM
AMDIND,AMDIND,,NSE:AMDIND
AMJLAND,AMJLAND,,NSE:AMJLAND
AMNPLST,AMNPLST,,NSE:AMNPLST
AMRUTANJAN,AMRUTANJAN,,NSE:AMRUTANJAN
ANANDRATHI,ANANDRATHI,,NSE:ANANDRATHI
ANANTRAJ,ANANTRAJ,,NSE:ANANTRAJ
ANDHRAPAP,ANDHRAPAP,,NSE:ANDHRAPAP
ANDHRSUGAR,ANDHRSUGAR,,NSE:ANDHRSUGAR
ANGELONE,ANGELONE,,NSE:ANGELONE
ANIKINDS,ANIKINDS,,NSE:ANIKINDS
ANKITMETAL,ANKITMETAL,,NSE:ANKITMETAL
ANMOL,ANMOL,,NSE:ANMOL
ANSALAPI,ANSALAPI,,NSE:ANSALAPI
ANTELOPUS,ANTELOPUS,,NSE:ANTELOPUS
ANTGRAPHIC,ANTGRAPHIC,,NSE:ANTGRAPHIC
ANTHEM,ANTHEM,,NSE:ANTHEM
ANUHPHR,ANUHPHR,,NSE:ANUHPHR
ANUP,ANUP,,NSE:ANUP
ANURAS,ANURAS,,NSE:ANURAS
APARINDS,APARINDS,,NSE:APARINDS
APCL,APCL,,NSE:APCL
APCOTEXIND,APCOTEXIND,,NSE:APCOTEXIND
APEX,APEX,,NSE:APEX
APLAPOLLO,APLAPOLLO,,NSE:APLAPOLLO
APLLTD,APLLTD,,NSE:APLLTD
APOLLO,APOLLO,,NSE:APOLLO
APOLLOHOSP,APOLLOHOSP,,NSE:APOLLOHOSP
APOLLOPIPE,APOLLOPIPE,,NSE:APOLLOPIPE
APOLLOTYRE,APOLLOTYRE,,NSE:APOLLOTYRE
APOLSINHOT,APOLSINHOT,,NSE:APOLSINHOT
APTECHT,APTECHT,,NSE:APTECHT
APTUS,APTUS,,NSE:APTUS
AQYLON,AQYLON,,NSE:AQYLON
ARCHIDPLY,ARCHIDPLY,,NSE:ARCHIDPLY
ARCHIES,ARCHIES,,NSE:ARCHIES
ARE&M,ARE&M,,NSE:ARE&M
ARENTERP,ARENTERP,,NSE:ARENTERP
ARFIN,ARFIN,,NSE:ARFIN
ARIES,ARIES,,NSE:ARIES
ARIHANTCAP,ARIHANTCAP,,NSE:ARIHANTCAP
ARIHANTSUP,ARIHANTSUP,,NSE:ARIHANTSUP
ARIS,ARIS,,NSE:ARIS
ARKADE,ARKADE,,NSE:ARKADE
ARMANFIN,ARMANFIN,,NSE:ARMANFIN
AROGRANITE,AROGRANITE,,NSE:AROGRANITE
ARROWGREEN,ARROWGREEN,,NSE:ARROWGREEN
ARSHIYA,ARSHIYA,,NSE:ARSHIYA
ARSSBL,ARSSBL,,NSE:ARSSBL
ARTEMISMED,ARTEMISMED,,NSE:ARTEMISMED
ARTNIRMAN,ARTNIRMAN,,NSE:ARTNIRMAN
ARVEE,ARVEE,,NSE:ARVEE
ARVIND,ARVIND,,NSE:ARVIND
ARVINDFASN,ARVINDFASN,,NSE:ARVINDFASN
ARVSMART,ARVSMART,,NSE:ARVSMART
ASAHIINDIA,ASAHIINDIA,,NSE:ASAHIINDIA
ASAHISONG,ASAHISONG,,NSE:ASAHISONG
ASAL,ASAL,,NSE:ASAL
ASALCBR,ASALCBR,,NSE:ASALCBR
ASHAPURMIN,ASHAPURMIN,,NSE:ASHAPURMIN
ASHIANA,ASHIANA,,NSE:ASHIANA
ASHIMASYN,ASHIMASYN,,NSE:ASHIMASYN
ASHOKA,ASHOKA,,NSE:ASHOKA
ASHOKAMET,ASHOKAMET,,NSE:ASHOKAMET
ASHOKLEY,ASHOKLEY,,NSE:ASHOKLEY
ASIANENE,ASIANENE,,NSE:ASIANENE
ASIANHOTNR,ASIANHOTNR,,NSE:ASIANHOTNR
ASIANPAINT,ASIANPAINT,,NSE:ASIANPAINT
ASIANTILES,ASIANTILES,,NSE:ASIANTILES
ASKAUTOLTD,ASKAUTOLTD,,NSE:ASKAUTOLTD
ASMS,ASMS,,NSE:ASMS
ASPINWALL,ASPINWALL,,NSE:ASPINWALL
ASTEC,ASTEC,,NSE:ASTEC
ASTERDM,ASTERDM,,NSE:ASTERDM
ASTRAL,ASTRAL,,NSE:ASTRAL
ASTRAMICRO,ASTRAMICRO,,NSE:ASTRAMICRO
ASTRAZEN,ASTRAZEN,,NSE:ASTRAZEN
ASTRON,ASTRON,,NSE:ASTRON
ATALREAL,ATALREAL,,NSE:ATALREAL
ATAM,ATAM,,NSE:ATAM
ATGL,ATGL,,NSE:ATGL
ATHERENERG,ATHERENERG,,NSE:ATHERENERG
ATL,ATL,,NSE:ATL
ATLANTAA,ATLANTAA,,NSE:ATLANTAA
ATLANTAELE,ATLANTAELE,,NSE:ATLANTAELE
ATLASCYCLE,ATLASCYCLE,,NSE:ATLASCYCLE
ATUL,ATUL,,NSE:ATUL
ATULAUTO,ATULAUTO,,NSE:ATULAUTO
AUBANK,AUBANK,,NSE:AUBANK
AURIGROW,AURIGROW,,NSE:AURIGROW
AURIONPRO,AURIONPRO,,NSE:AURIONPRO
AUROPHARMA,AUROPHARMA,,NSE:AUROPHARMA
AURUM,AURUM,,NSE:AURUM
AUSOMENT,AUSOMENT,,NSE:AUSOMENT
AUTOAXLES,AUTOAXLES,,NSE:AUTOAXLES
AUTOIND,AUTOIND,,NSE:AUTOIND
AVADHSUGAR,AVADHSUGAR,,NSE:AVADHSUGAR
AVALON,AVALON,,NSE:AVALON
AVANTEL,AVANTEL,,NSE:AVANTEL
AVANTIFEED,AVANTIFEED,,NSE:AVANTIFEED
AVG,AVG,,NSE:AVG
AVL,AVL,,NSE:AVL
AVONMORE,AVONMORE,,NSE:AVONMORE
AVROIND,AVROIND,,NSE:AVROIND
AVTNPL,AVTNPL,,NSE:AVTNPL
AWFIS,AWFIS,,NSE:AWFIS
AWHCL,AWHCL,,NSE:AWHCL
AWL,AWL,,NSE:AWL
AXISBANK,AXISBANK,,NSE:AXISBANK
AXISCADES,AXISCADES,,NSE:AXISCADES
AXITA,AXITA,,NSE:AXITA
AYE,AYE,,NSE:AYE
AYMSYNTEX,AYMSYNTEX,,NSE:AYMSYNTEX
AZAD,AZAD,,NSE:AZAD
BAFNAPH,BAFNAPH,,NSE:BAFNAPH
BAGFILMS,BAGFILMS,,NSE:BAGFILMS
BAIDFIN,BAIDFIN,,NSE:BAIDFIN
BAJAJ-AUTO,BAJAJ-AUTO,,NSE:BAJAJ-AUTO
BAJAJCON,BAJAJCON,,NSE:BAJAJCON
BAJAJELEC,BAJAJELEC,,NSE:BAJAJELEC
BAJAJFINSV,BAJAJFINSV,,NSE:BAJAJFINSV
BAJAJHCARE,BAJAJHCARE,,NSE:BAJAJHCARE
BAJAJHFL,BAJAJHFL,,NSE:BAJAJHFL
BAJAJHIND,BAJAJHIND,,NSE:BAJAJHIND
BAJAJHLDNG,BAJAJHLDNG,,NSE:BAJAJHLDNG
BAJAJINDEF,BAJAJINDEF,,NSE:BAJAJINDEF
BAJEL,BAJEL,,NSE:BAJEL
BAJFINANCE,BAJFINANCE,,NSE:BAJFINANCE
BALAJEE,BALAJEE,,NSE:BALAJEE
BALAJITELE,BALAJITELE,,NSE:BALAJITELE
BALAMINES,BALAMINES,,NSE:BALAMINES
BALAXI,BALAXI,,NSE:BALAXI
BALKRISHNA,BALKRISHNA,,NSE:BALKRISHNA
BALKRISIND,BALKRISIND,,NSE:BALKRISIND
BALMLAWRIE,BALMLAWRIE,,NSE:BALMLAWRIE
BALPHARMA,BALPHARMA,,NSE:BALPHARMA
BALRAMCHIN,BALRAMCHIN,,NSE:BALRAMCHIN
BALUFORGE,BALUFORGE,,NSE:BALUFORGE
BANARBEADS,BANARBEADS,,NSE:BANARBEADS
BANARISUG,BANARISUG,,NSE:BANARISUG
BANCOINDIA,BANCOINDIA,,NSE:BANCOINDIA
BANDHANBNK,BANDHANBNK,,NSE:BANDHANBNK
BANG,BANG,,NSE:BANG
BANKA,BANKA,,NSE:BANKA
BANKBARODA,BANKBARODA,,NSE:BANKBARODA
BANKINDIA,BANKINDIA,,NSE:BANKINDIA
BANSALWIRE,BANSALWIRE,,NSE:BANSALWIRE
BANSWRAS,BANSWRAS,,NSE:BANSWRAS
BASF,BASF,,NSE:BASF
BASML,BASML,,NSE:BASML
BATAINDIA,BATAINDIA,,NSE:BATAINDIA
BAYERCROP,BAYERCROP,,NSE:BAYERCROP
BBL,BBL,,NSE:BBL
BBOX,BBOX,,NSE:BBOX
BBTC,BBTC,,NSE:BBTC
BBTCL,BBTCL,,NSE:BBTCL
BCG,BCG,,NSE:BCG
BCLIND,BCLIND,,NSE:BCLIND
BCONCEPTS,BCONCEPTS,,NSE:BCONCEPTS
BDL,BDL,,NSE:BDL
BEARDSELL,BEARDSELL,,NSE:BEARDSELL
BECTORFOOD,BECTORFOOD,,NSE:BECTORFOOD
BEDMUTHA,BEDMUTHA,,NSE:BEDMUTHA
BEL,BEL,,NSE:BEL
BELLACASA,BELLACASA,,NSE:BELLACASA
BELRISE,BELRISE,,NSE:BELRISE
BEML,BEML,,NSE:BEML
BEPL,BEPL,,NSE:BEPL
BERGEPAINT,BERGEPAINT,,NSE:BERGEPAINT
BESTAGRO,BESTAGRO,,NSE:BESTAGRO
BETA,BETA,,NSE:BETA
BFINVEST,BFINVEST,,NSE:BFINVEST
BFUTILITIE,BFUTILITIE,,NSE:BFUTILITIE
BGLOBAL,BGLOBAL,,NSE:BGLOBAL
BGRENERGY,BGRENERGY,,NSE:BGRENERGY
BHAGCHEM,BHAGCHEM,,NSE:BHAGCHEM
BHAGERIA,BHAGERIA,,NSE:BHAGERIA
BHAGYANGR,BHAGYANGR,,NSE:BHAGYANGR
BHANDA-RE2,BHANDA-RE2,,NSE:BHANDA-RE2
BHANDARI,BHANDARI,,NSE:BHANDARI
BHARATCOAL,BHARATCOAL,,NSE:BHARATCOAL
BHARATFORG,BHARATFORG,,NSE:BHARATFORG
BHARATGEAR,BHARATGEAR,,NSE:BHARATGEAR
BHARATRAS,BHARATRAS,,NSE:BHARATRAS
BHARATSE,BHARATSE,,NSE:BHARATSE
BHARATWIRE,BHARATWIRE,,NSE:BHARATWIRE
BHARTIARTL,BHARTIARTL,,NSE:BHARTIARTL
BHARTIHEXA,BHARTIHEXA,,NSE:BHARTIHEXA
BHEL,BHEL,,NSE:BHEL
BIGBLOC,BIGBLOC,,NSE:BIGBLOC
BIKAJI,BIKAJI,,NSE:BIKAJI
BIL,BIL,,NSE:BIL
BILVYAPAR,BILVYAPAR,,NSE:BILVYAPAR
BIOCON,BIOCON,,NSE:BIOCON
BIOFILCHEM,BIOFILCHEM,,NSE:BIOFILCHEM
BIRLACABLE,BIRLACABLE,,NSE:BIRLACABLE
BIRLACORPN,BIRLACORPN,,NSE:BIRLACORPN
BIRLAMONEY,BIRLAMONEY,,NSE:BIRLAMONEY
BIRLANU,BIRLANU,,NSE:BIRLANU
BLACKBUCK,BLACKBUCK,,NSE:BLACKBUCK
BLAL,BLAL,,NSE:BLAL
BLBLIMITED,BLBLIMITED,,NSE:BLBLIMITED
BLISSGVS,BLISSGVS,,NSE:BLISSGVS
BLKASHYAP,BLKASHYAP,,NSE:BLKASHYAP
BLS,BLS,,NSE:BLS
BLSE,BLSE,,NSE:BLSE
BLUECHIP,BLUECHIP,,NSE:BLUECHIP
BLUECOAST,BLUECOAST,,NSE:BLUECOAST
BLUEDART,BLUEDART,,NSE:BLUEDART
BLUEJET,BLUEJET,,NSE:BLUEJET
BLUESTARCO,BLUESTARCO,,NSE:BLUESTARCO
BLUESTONE,BLUESTONE,,NSE:BLUESTONE
BLUSPRING,BLUSPRING,,NSE:BLUSPRING
BMWVENTLTD,BMWVENTLTD,,NSE:BMWVENTLTD
BODALCHEM,BODALCHEM,,NSE:BODALCHEM
BOHRAIND,BOHRAIND,,NSE:BOHRAIND
BOMDYEING,BOMDYEING,,NSE:BOMDYEING
BONLON,BONLON,,NSE:BONLON
BORANA,BORANA,,NSE:BORANA
BOROLTD,BOROLTD,,NSE:BOROLTD
BORORENEW,BORORENEW,,NSE:BORORENEW
BOROSCI,BOROSCI,,NSE:BOROSCI
BOSCH-HCIL,BOSCH-HCIL,,NSE:BOSCH-HCIL
BOSCHLTD,BOSCHLTD,,NSE:BOSCHLTD
BPCL,BPCL,,NSE:BPCL
BPL,BPL,,NSE:BPL
BRIGADE,BRIGADE,,NSE:BRIGADE
BRIGHOTEL,BRIGHOTEL,,NSE:BRIGHOTEL
BRITANNIA,BRITANNIA,,NSE:BRITANNIA
BRNL,BRNL,,NSE:BRNL
BROOKS,BROOKS,,NSE:BROOKS
BSE,BSE,,NSE:BSE
BSHSL,BSHSL,,NSE:BSHSL
BSL,BSL,,NSE:BSL
BSOFT,BSOFT,,NSE:BSOFT
BTML,BTML,,NSE:BTML
BUILDPRO,BUILDPRO,,NSE:BUILDPRO
BUTTERFLY,BUTTERFLY,,NSE:BUTTERFLY
BVCL,BVCL,,NSE:BVCL
BYKE,BYKE,,NSE:BYKE
CALSOFT,CALSOFT,,NSE:CALSOFT
CAMLINFINE,CAMLINFINE,,NSE:CAMLINFINE
CAMPUS,CAMPUS,,NSE:CAMPUS
CAMS,CAMS,,NSE:CAMS
CANBK,CANBK,,NSE:CANBK
CANFINHOME,CANFINHOME,,NSE:CANFINHOME
CANHLIFE,CANHLIFE,,NSE:CANHLIFE
CANTABIL,CANTABIL,,NSE:CANTABIL
CAPACITE,CAPACITE,,NSE:CAPACITE
CAPILLARY,CAPILLARY,,NSE:CAPILLARY
CAPITALSFB,CAPITALSFB,,NSE:CAPITALSFB
CAPLIPOINT,CAPLIPOINT,,NSE:CAPLIPOINT
CAPTRUST,CAPTRUST,,NSE:CAPTRUST
CARBORUNIV,CARBORUNIV,,NSE:CARBORUNIV
CARERATING,CARERATING,,NSE:CARERATING
CARRARO,CARRARO,,NSE:CARRARO
CARTRADE,CARTRADE,,NSE:CARTRADE
CARYSIL,CARYSIL,,NSE:CARYSIL
CASTROLIND,CASTROLIND,,NSE:CASTROLIND
CCAVENUE,CCAVENUE,,NSE:CCAVENUE
CCCL,CCCL,,NSE:CCCL
CCHHL,CCHHL,,NSE:CCHHL
CCL,CCL,,NSE:CCL
CDSL,CDSL,,NSE:CDSL
CEATLTD,CEATLTD,,NSE:CEATLTD
CEIGALL,CEIGALL,,NSE:CEIGALL
CEINSYS,CEINSYS,,NSE:CEINSYS
CELEBRITY,CELEBRITY,,NSE:CELEBRITY
CELLO,CELLO,,NSE:CELLO
CEMPRO,CEMPRO,,NSE:CEMPRO
CENTENKA,CENTENKA,,NSE:CENTENKA
CENTEXT,CENTEXT,,NSE:CENTEXT
CENTRALBK,CENTRALBK,,NSE:CENTRALBK
CENTRUM,CENTRUM,,NSE:CENTRUM
CENTUM,CENTUM,,NSE:CENTUM
CENTURYPLY,CENTURYPLY,,NSE:CENTURYPLY
CERA,CERA,,NSE:CERA
CEREBRAINT,CEREBRAINT,,NSE:CEREBRAINT
CESC,CESC,,NSE:CESC
CEWATER,CEWATER,,NSE:CEWATER
CGCL,CGCL,,NSE:CGCL
CGPOWER,CGPOWER,,NSE:CGPOWER
CHALET,CHALET,,NSE:CHALET
CHAMBLFERT,CHAMBLFERT,,NSE:CHAMBLFERT
CHEMBOND,CHEMBOND,,NSE:CHEMBOND
CHEMBONDCH,CHEMBONDCH,,NSE:CHEMBONDCH
CHEMCON,CHEMCON,,NSE:CHEMCON
CHEMFAB,CHEMFAB,,NSE:CHEMFAB
CHEMPLASTS,CHEMPLASTS,,NSE:CHEMPLASTS
CHENNPETRO,CHENNPETRO,,NSE:CHENNPETRO
CHEVIOT,CHEVIOT,,NSE:CHEVIOT
CHOICEIN,CHOICEIN,,NSE:CHOICEIN
CHOLAFIN,CHOLAFIN,,NSE:CHOLAFIN
CHOLAHLDNG,CHOLAHLDNG,,NSE:CHOLAHLDNG
CIEINDIA,CIEINDIA,,NSE:CIEINDIA
CIFL,CIFL,,NSE:CIFL
CIGNITITEC,CIGNITITEC,,NSE:CIGNITITEC
CINELINE,CINELINE,,NSE:CINELINE
CINEVISTA,CINEVISTA,,NSE:CINEVISTA
CIPLA,CIPLA,,NSE:CIPLA
CLCIND,CLCIND,,NSE:CLCIND
CLEAN,CLEAN,,NSE:CLEAN
CLEANMAX,CLEANMAX,,NSE:CLEANMAX
CLEDUCATE,CLEDUCATE,,NSE:CLEDUCATE
CLSEL,CLSEL,,NSE:CLSEL
CMICABLES,CMICABLES,,NSE:CMICABLES
CMSINFO,CMSINFO,,NSE:CMSINFO
CNL,CNL,,NSE:CNL
COALINDIA,COALINDIA,,NSE:COALINDIA
COASTCORP,COASTCORP,,NSE:COASTCORP
COCHINSHIP,COCHINSHIP,,NSE:COCHINSHIP
COFFEEDAY,COFFEEDAY,,NSE:COFFEEDAY
COFORGE,COFORGE,,NSE:COFORGE
COHANCE,COHANCE,,NSE:COHANCE
COLPAL,COLPAL,,NSE:COLPAL
COMPINFO,COMPINFO,,NSE:COMPINFO
COMPUSOFT,COMPUSOFT,,NSE:COMPUSOFT
COMSYN,COMSYN,,NSE:COMSYN
CONCOR,CONCOR,,NSE:CONCOR
CONCORDBIO,CONCORDBIO,,NSE:CONCORDBIO
CONFIPET,CONFIPET,,NSE:CONFIPET
CONSOFINVT,CONSOFINVT,,NSE:CONSOFINVT
CONTROLPR,CONTROLPR,,NSE:CONTROLPR
CORALFINAC,CORALFINAC,,NSE:CORALFINAC
CORDSCABLE,CORDSCABLE,,NSE:CORDSCABLE
COROMANDEL,COROMANDEL,,NSE:COROMANDEL
CORONA,CORONA,,NSE:CORONA
COSMOFIRST,COSMOFIRST,,NSE:COSMOFIRST
COUNCODOS,COUNCODOS,,NSE:COUNCODOS
CPCAP,CPCAP,,NSE:CPCAP
CPEDU,CPEDU,,NSE:CPEDU
CPPLUS,CPPLUS,,NSE:CPPLUS
CRAFTSMAN,CRAFTSMAN,,NSE:CRAFTSMAN
CRAMC,CRAMC,,NSE:CRAMC
CREATIVEYE,CREATIVEYE,,NSE:CREATIVEYE
CREDITACC,CREDITACC,,NSE:CREDITACC
CREST,CREST,,NSE:CREST
CRISIL,CRISIL,,NSE:CRISIL
CRIZAC,CRIZAC,,NSE:CRIZAC
CROMPTON,CROMPTON,,NSE:CROMPTON
CROWN,CROWN,,NSE:CROWN
CSBBANK,CSBBANK,,NSE:CSBBANK
CSLFINANCE,CSLFINANCE,,NSE:CSLFINANCE
CTE,CTE,,NSE:CTE
CUB,CUB,,NSE:CUB
CUBEXTUB,CUBEXTUB,,NSE:CUBEXTUB
CUMMINSIND,CUMMINSIND,,NSE:CUMMINSIND
CUPID,CUPID,,NSE:CUPID
CURAA,CURAA,,NSE:CURAA
CYBERMEDIA,CYBERMEDIA,,NSE:CYBERMEDIA
CYBERTECH,CYBERTECH,,NSE:CYBERTECH
CYIENT,CYIENT,,NSE:CYIENT
CYIENTDLM,CYIENTDLM,,NSE:CYIENTDLM
DABUR,DABUR,,NSE:DABUR
DALBHARAT,DALBHARAT,,NSE:DALBHARAT
DALMIASUG,DALMIASUG,,NSE:DALMIASUG
DAMCAPITAL,DAMCAPITAL,,NSE:DAMCAPITAL
DAMODARIND,DAMODARIND,,NSE:DAMODARIND
DANGEE,DANGEE,,NSE:DANGEE
DATAMATICS,DATAMATICS,,NSE:DATAMATICS
DATAPATTNS,DATAPATTNS,,NSE:DATAPATTNS
DAVANGERE,DAVANGERE,,NSE:DAVANGERE
DBCORP,DBCORP,,NSE:DBCORP
DBEIL,DBEIL,,NSE:DBEIL
DBL,DBL,,NSE:DBL
DBOL,DBOL,,NSE:DBOL
DBREALTY,DBREALTY,,NSE:DBREALTY
DBSTOCKBRO,DBSTOCKBRO,,NSE:DBSTOCKBRO
DCAL,DCAL,,NSE:DCAL
DCBBANK,DCBBANK,,NSE:DCBBANK
DCI,DCI,,NSE:DCI
DCM,DCM,,NSE:DCM
DCMFINSERV,DCMFINSERV,,NSE:DCMFINSERV
DCMNVL,DCMNVL,,NSE:DCMNVL
DCMSHRIRAM,DCMSHRIRAM,,NSE:DCMSHRIRAM
DCMSIL,DCMSIL,,NSE:DCMSIL
DCMSRIND,DCMSRIND,,NSE:DCMSRIND
DCW,DCW,,NSE:DCW
DCXINDIA,DCXINDIA,,NSE:DCXINDIA
DDEVPLSTIK,DDEVPLSTIK,,NSE:DDEVPLSTIK
DECCANCE,DECCANCE,,NSE:DECCANCE
DEEDEV,DEEDEV,,NSE:DEEDEV
DEEPAKFERT,DEEPAKFERT,,NSE:DEEPAKFERT
DEEPAKNTR,DEEPAKNTR,,NSE:DEEPAKNTR
DEEPINDS,DEEPINDS,,NSE:DEEPINDS
DELHIVERY,DELHIVERY,,NSE:DELHIVERY
DELPHIFX,DELPHIFX,,NSE:DELPHIFX
DELTACORP,DELTACORP,,NSE:DELTACORP
DELTAMAGNT,DELTAMAGNT,,NSE:DELTAMAGNT
DEN,DEN,,NSE:DEN
DENORA,DENORA,,NSE:DENORA
DENTA,DENTA,,NSE:DENTA
DEVIT,DEVIT,,NSE:DEVIT
DEVX,DEVX,,NSE:DEVX
DEVYANI,DEVYANI,,NSE:DEVYANI
DGCONTENT,DGCONTENT,,NSE:DGCONTENT
DHAMPURSUG,DHAMPURSUG,,NSE:DHAMPURSUG
DHANBANK,DHANBANK,,NSE:DHANBANK
DHANUKA,DHANUKA,,NSE:DHANUKA
DHARAN,DHARAN,,NSE:DHARAN
DHARMAJ,DHARMAJ,,NSE:DHARMAJ
DHRUV,DHRUV,,NSE:DHRUV
DHUNINV,DHUNINV,,NSE:DHUNINV
DIACABS,DIACABS,,NSE:DIACABS
DIAMINESQ,DIAMINESQ,,NSE:DIAMINESQ
DIAMONDYD,DIAMONDYD,,NSE:DIAMONDYD
DICIND,DICIND,,NSE:DICIND
DIFFNKG,DIFFNKG,,NSE:DIFFNKG
DIGIDRIVE,DIGIDRIVE,,NSE:DIGIDRIVE
DIGISPICE,DIGISPICE,,NSE:DIGISPICE
DIGITIDE,DIGITIDE,,NSE:DIGITIDE
DIGJAMLMTD,DIGJAMLMTD,,NSE:DIGJAMLMTD
DIL,DIL,,NSE:DIL
DISHTV,DISHTV,,NSE:DISHTV
DIVGIITTS,DIVGIITTS,,NSE:DIVGIITTS
DIVISLAB,DIVISLAB,,NSE:DIVISLAB
DIXON,DIXON,,NSE:DIXON
DJML,DJML,,NSE:DJML
DLF,DLF,,NSE:DLF
DLINKINDIA,DLINKINDIA,,NSE:DLINKINDIA
DMART,DMART,,NSE:DMART
DMCC,DMCC,,NSE:DMCC
DNAMEDIA,DNAMEDIA,,NSE:DNAMEDIA
DODLA,DODLA,,NSE:DODLA
DOLATALGO,DOLATALGO,,NSE:DOLATALGO
DOLLAR,DOLLAR,,NSE:DOLLAR
DOLPHIN,DOLPHIN,,NSE:DOLPHIN
DOMS,DOMS,,NSE:DOMS
DONEAR,DONEAR,,NSE:DONEAR
DPABHUSHAN,DPABHUSHAN,,NSE:DPABHUSHAN
DPSCLTD,DPSCLTD,,NSE:DPSCLTD
DPWIRES,DPWIRES,,NSE:DPWIRES
DRCSYSTEMS,DRCSYSTEMS,,NSE:DRCSYSTEMS
DREAMFOLKS,DREAMFOLKS,,NSE:DREAMFOLKS
DREDGECORP,DREDGECORP,,NSE:DREDGECORP
DRREDDY,DRREDDY,,NSE:DRREDDY
DSFCL,DSFCL,,NSE:DSFCL
DSSL,DSSL,,NSE:DSSL
DTIL,DTIL,,NSE:DTIL
DUCON,DUCON,,NSE:DUCON
DVL,DVL,,NSE:DVL
DWARKESH,DWARKESH,,NSE:DWARKESH
DYCL,DYCL,,NSE:DYCL
DYNAMATECH,DYNAMATECH,,NSE:DYNAMATECH
DYNPRO,DYNPRO,,NSE:DYNPRO
E2E,E2E,,NSE:E2E
EASEMYTRIP,EASEMYTRIP,,NSE:EASEMYTRIP
EASTSILK,EASTSILK,,NSE:EASTSILK
EBGNG,EBGNG,,NSE:EBGNG
ECLERX,ECLERX,,NSE:ECLERX
ECOSMOBLTY,ECOSMOBLTY,,NSE:ECOSMOBLTY
EDELWEISS,EDELWEISS,,NSE:EDELWEISS
EDUCOMP,EDUCOMP,,NSE:EDUCOMP
EFCIL,EFCIL,,NSE:EFCIL
EICHERMOT,EICHERMOT,,NSE:EICHERMOT
EIDPARRY,EIDPARRY,,NSE:EIDPARRY
EIEL,EIEL,,NSE:EIEL
EIFFL,EIFFL,,NSE:EIFFL
EIHAHOTELS,EIHAHOTELS,,NSE:EIHAHOTELS
EIHOTEL,EIHOTEL,,NSE:EIHOTEL
EIMCOELECO,EIMCOELECO,,NSE:EIMCOELECO
EKC,EKC,,NSE:EKC
ELDEHSG,ELDEHSG,,NSE:ELDEHSG
ELECON,ELECON,,NSE:ELECON
ELECTCAST,ELECTCAST,,NSE:ELECTCAST
ELECTHERM,ELECTHERM,,NSE:ELECTHERM
ELGIEQUIP,ELGIEQUIP,,NSE:ELGIEQUIP
ELGIRUBCO,ELGIRUBCO,,NSE:ELGIRUBCO
ELIN,ELIN,,NSE:ELIN
ELLEN,ELLEN,,NSE:ELLEN
EMAMILTD,EMAMILTD,,NSE:EMAMILTD
EMAMIPAP,EMAMIPAP,,NSE:EMAMIPAP
EMAMIREAL,EMAMIREAL,,NSE:EMAMIREAL
EMBDL,EMBDL,,NSE:EMBDL
EMCURE,EMCURE,,NSE:EMCURE
EMIL,EMIL,,NSE:EMIL
EMKAY,EMKAY,,NSE:EMKAY
EMMBI,EMMBI,,NSE:EMMBI
EMMVEE,EMMVEE,,NSE:EMMVEE
EMSLIMITED,EMSLIMITED,,NSE:EMSLIMITED
EMUDHRA,EMUDHRA,,NSE:EMUDHRA
ENDURANCE,ENDURANCE,,NSE:ENDURANCE
ENERGYDEV,ENERGYDEV,,NSE:ENERGYDEV
ENGINERSIN,ENGINERSIN,,NSE:ENGINERSIN
ENIL,ENIL,,NSE:ENIL
ENRIN,ENRIN,,NSE:ENRIN
ENTERO,ENTERO,,NSE:ENTERO
EPACK,EPACK,,NSE:EPACK
EPACKPEB,EPACKPEB,,NSE:EPACKPEB
EPIGRAL,EPIGRAL,,NSE:EPIGRAL
EPL,EPL,,NSE:EPL
EQUIPPP,EQUIPPP,,NSE:EQUIPPP
EQUITASBNK,EQUITASBNK,,NSE:EQUITASBNK
ERIS,ERIS,,NSE:ERIS
ESABINDIA,ESABINDIA,,NSE:ESABINDIA
ESAFSFB,ESAFSFB,,NSE:ESAFSFB
ESCORTS,ESCORTS,,NSE:ESCORTS
ESSARSHPNG,ESSARSHPNG,,NSE:ESSARSHPNG
ESSENTIA,ESSENTIA,,NSE:ESSENTIA
ESTER,ESTER,,NSE:ESTER
ETERNAL,ETERNAL,,NSE:ETERNAL
ETHOSLTD,ETHOSLTD,,NSE:ETHOSLTD
EUREKAFORB,EUREKAFORB,,NSE:EUREKAFORB
EUROBOND,EUROBOND,,NSE:EUROBOND
EUROPRATIK,EUROPRATIK,,NSE:EUROPRATIK
EUROTEXIND,EUROTEXIND,,NSE:EUROTEXIND
EVEREADY,EVEREADY,,NSE:EVEREADY
EVERESTIND,EVERESTIND,,NSE:EVERESTIND
EXCEL,EXCEL,,NSE:EXCEL
EXCELINDUS,EXCELINDUS,,NSE:EXCELINDUS
EXCELSOFT,EXCELSOFT,,NSE:EXCELSOFT
EXICOM,EXICOM,,NSE:EXICOM
EXIDEIND,EXIDEIND,,NSE:EXIDEIND
EXPLEOSOL,EXPLEOSOL,,NSE:EXPLEOSOL
EXXARO,EXXARO,,NSE:EXXARO
FABTECH,FABTECH,,NSE:FABTECH
FACT,FACT,,NSE:FACT
FAIRCHEMOR,FAIRCHEMOR,,NSE:FAIRCHEMOR
FAZE3Q,FAZE3Q,,NSE:FAZE3Q
FCL,FCL,,NSE:FCL
FCONSUMER,FCONSUMER,,NSE:FCONSUMER
FCSSOFT,FCSSOFT,,NSE:FCSSOFT
FDC,FDC,,NSE:FDC
FEDERALBNK,FEDERALBNK,,NSE:FEDERALBNK
FEDFINA,FEDFINA,,NSE:FEDFINA
FEL,FEL,,NSE:FEL
FELDVR,FELDVR,,NSE:FELDVR
FIBERWEB,FIBERWEB,,NSE:FIBERWEB
FIEMIND,FIEMIND,,NSE:FIEMIND
FILATEX,FILATEX,,NSE:FILATEX
FILATFASH,FILATFASH,,NSE:FILATFASH
FINCABLES,FINCABLES,,NSE:FINCABLES
FINEORG,FINEORG,,NSE:FINEORG
FINKURVE,FINKURVE,,NSE:FINKURVE
FINOPB,FINOPB,,NSE:FINOPB
FINPIPE,FINPIPE,,NSE:FINPIPE
FIRSTCRY,FIRSTCRY,,NSE:FIRSTCRY
FISCHER,FISCHER,,NSE:FISCHER
FIVESTAR,FIVESTAR,,NSE:FIVESTAR
FLAIR,FLAIR,,NSE:FLAIR
FLEXITUFF,FLEXITUFF,,NSE:FLEXITUFF
FLFL,FLFL,,NSE:FLFL
FLUOROCHEM,FLUOROCHEM,,NSE:FLUOROCHEM
FMGOETZE,FMGOETZE,,NSE:FMGOETZE
FMNL,FMNL,,NSE:FMNL
FOCUS,FOCUS,,NSE:FOCUS
FOODSIN,FOODSIN,,NSE:FOODSIN
FORCEMOT,FORCEMOT,,NSE:FORCEMOT
FORTIS,FORTIS,,NSE:FORTIS
FOSECOIND,FOSECOIND,,NSE:FOSECOIND
FRACTAL,FRACTAL,,NSE:FRACTAL
FSL,FSL,,NSE:FSL
FUSION,FUSION,,NSE:FUSION
GABRIEL,GABRIEL,,NSE:GABRIEL
GAEL,GAEL,,NSE:GAEL
GAIL,GAIL,,NSE:GAIL
GALAPREC,GALAPREC,,NSE:GALAPREC
GALAXYSURF,GALAXYSURF,,NSE:GALAXYSURF
GALLANTT,GALLANTT,,NSE:GALLANTT
GANDHAR,GANDHAR,,NSE:GANDHAR
GANDHITUBE,GANDHITUBE,,NSE:GANDHITUBE
GANECOS,GANECOS,,NSE:GANECOS
GANESHBE,GANESHBE,,NSE:GANESHBE
GANESHCP,GANESHCP,,NSE:GANESHCP
GANESHHOU,GANESHHOU,,NSE:GANESHHOU
GANGAFORGE,GANGAFORGE,,NSE:GANGAFORGE
GANGESSECU,GANGESSECU,,NSE:GANGESSECU
GARFIBRES,GARFIBRES,,NSE:GARFIBRES
GARUDA,GARUDA,,NSE:GARUDA
GATECH,GATECH,,NSE:GATECH
GATECHDVR,GATECHDVR,,NSE:GATECHDVR
GATEWAY,GATEWAY,,NSE:GATEWAY
GAUDIUMIVF,GAUDIUMIVF,,NSE:GAUDIUMIVF
GAYAHWS,GAYAHWS,,NSE:GAYAHWS
GAYAPROJ,GAYAPROJ,,NSE:GAYAPROJ
GCSL,GCSL,,NSE:GCSL
GEECEE,GEECEE,,NSE:GEECEE
GEEKAYWIRE,GEEKAYWIRE,,NSE:GEEKAYWIRE
GEMAROMA,GEMAROMA,,NSE:GEMAROMA
GENCON,GENCON,,NSE:GENCON
GENESYS,GENESYS,,NSE:GENESYS
GENSOL,GENSOL,,NSE:GENSOL
GENUSPAPER,GENUSPAPER,,NSE:GENUSPAPER
GENUSPOWER,GENUSPOWER,,NSE:GENUSPOWER
GEOJITFSL,GEOJITFSL,,NSE:GEOJITFSL
GESHIP,GESHIP,,NSE:GESHIP
GFLLIMITED,GFLLIMITED,,NSE:GFLLIMITED
GFSTEELS,GFSTEELS,,NSE:GFSTEELS
GHCL,GHCL,,NSE:GHCL
GHCLTEXTIL,GHCLTEXTIL,,NSE:GHCLTEXTIL
GICHSGFIN,GICHSGFIN,,NSE:GICHSGFIN
GICL,GICL,,NSE:GICL
GICRE,GICRE,,NSE:GICRE
GILLANDERS,GILLANDERS,,NSE:GILLANDERS
GILLETTE,GILLETTE,,NSE:GILLETTE
GINNIFILA,GINNIFILA,,NSE:GINNIFILA
GIPCL,GIPCL,,NSE:GIPCL
GKENERGY,GKENERGY,,NSE:GKENERGY
GKSL,GKSL,,NSE:GKSL
GKWLIMITED,GKWLIMITED,,NSE:GKWLIMITED
GLAND,GLAND,,NSE:GLAND
GLAXO,GLAXO,,NSE:GLAXO
GLENMARK,GLENMARK,,NSE:GLENMARK
GLFL,GLFL,,NSE:GLFL
GLOBAL,GLOBAL,,NSE:GLOBAL
GLOBALE,GLOBALE,,NSE:GLOBALE
GLOBALVECT,GLOBALVECT,,NSE:GLOBALVECT
GLOBE,GLOBE,,NSE:GLOBE
GLOBECIVIL,GLOBECIVIL,,NSE:GLOBECIVIL
GLOBUSSPR,GLOBUSSPR,,NSE:GLOBUSSPR
GLOSTERLTD,GLOSTERLTD,,NSE:GLOSTERLTD
GLOTTIS,GLOTTIS,,NSE:GLOTTIS
GMBREW,GMBREW,,NSE:GMBREW
GMDCLTD,GMDCLTD,,NSE:GMDCLTD
GMMPFAUDLR,GMMPFAUDLR,,NSE:GMMPFAUDLR
GMRAIRPORT,GMRAIRPORT,,NSE:GMRAIRPORT
GMRP&UI,GMRP&UI,,NSE:GMRP&UI
GNA,GNA,,NSE:GNA
GNFC,GNFC,,NSE:GNFC
GOACARBON,GOACARBON,,NSE:GOACARBON
GOCLCORP,GOCLCORP,,NSE:GOCLCORP
GOCOLORS,GOCOLORS,,NSE:GOCOLORS
GODAVARIB,GODAVARIB,,NSE:GODAVARIB
GODFRYPHLP,GODFRYPHLP,,NSE:GODFRYPHLP
GODIGIT,GODIGIT,,NSE:GODIGIT
GODREJAGRO,GODREJAGRO,,NSE:GODREJAGRO
GODREJCP,GODREJCP,,NSE:GODREJCP
GODREJIND,GODREJIND,,NSE:GODREJIND
GODREJPROP,GODREJPROP,,NSE:GODREJPROP
GOKEX,GOKEX,,NSE:GOKEX
GOKUL,GOKUL,,NSE:GOKUL
GOKULAGRO,GOKULAGRO,,NSE:GOKULAGRO
GOLDENTOBC,GOLDENTOBC,,NSE:GOLDENTOBC
GOLDIAM,GOLDIAM,,NSE:GOLDIAM
GOLDTECH,GOLDTECH,,NSE:GOLDTECH
GOODLUCK,GOODLUCK,,NSE:GOODLUCK
GOPAL,GOPAL,,NSE:GOPAL
GOYALALUM,GOYALALUM,,NSE:GOYALALUM
GPIL,GPIL,,NSE:GPIL
GPPL,GPPL,,NSE:GPPL
GPTHEALTH,GPTHEALTH,,NSE:GPTHEALTH
GPTINFRA,GPTINFRA,,NSE:GPTINFRA
GRANULES,GRANULES,,NSE:GRANULES
GRAPHITE,GRAPHITE,,NSE:GRAPHITE
GRASIM,GRASIM,,NSE:GRASIM
GRAVITA,GRAVITA,,NSE:GRAVITA
GREAVESCOT,GREAVESCOT,,NSE:GREAVESCOT
GREENLAM,GREENLAM,,NSE:GREENLAM
GREENPANEL,GREENPANEL,,NSE:GREENPANEL
GREENPLY,GREENPLY,,NSE:GREENPLY
GREENPOWER,GREENPOWER,,NSE:GREENPOWER
GRINDWELL,GRINDWELL,,NSE:GRINDWELL
GRINFRA,GRINFRA,,NSE:GRINFRA
GRMOVER,GRMOVER,,NSE:GRMOVER
GROBTEA,GROBTEA,,NSE:GROBTEA
GROWW,GROWW,,NSE:GROWW
GRPLTD,GRPLTD,,NSE:GRPLTD
GRSE,GRSE,,NSE:GRSE
GRWRHITECH,GRWRHITECH,,NSE:GRWRHITECH
GSFC,GSFC,,NSE:GSFC
GSLSU,GSLSU,,NSE:GSLSU
GSPL,GSPL,,NSE:GSPL
GSS,GSS,,NSE:GSS
GTECJAINX,GTECJAINX,,NSE:GTECJAINX
GTL,GTL,,NSE:GTL
GTLINFRA,GTLINFRA,,NSE:GTLINFRA
GTPL,GTPL,,NSE:GTPL
GUFICBIO,GUFICBIO,,NSE:GUFICBIO
GUJALKALI,GUJALKALI,,NSE:GUJALKALI
GUJAPOLLO,GUJAPOLLO,,NSE:GUJAPOLLO
GUJGASLTD,GUJGASLTD,,NSE:GUJGASLTD
GUJRAFFIA,GUJRAFFIA,,NSE:GUJRAFFIA
GUJTHEM,GUJTHEM,,NSE:GUJTHEM
GULFOILLUB,GULFOILLUB,,NSE:GULFOILLUB
GULFPETRO,GULFPETRO,,NSE:GULFPETRO
GULPOLY,GULPOLY,,NSE:GULPOLY
GVKPIL,GVKPIL,,NSE:GVKPIL
GVPIL,GVPIL,,NSE:GVPIL
GVPTECH,GVPTECH,,NSE:GVPTECH
GVT&D,GVT&D,,NSE:GVT&D
HAL,HAL,,NSE:HAL
HALDER,HALDER,,NSE:HALDER
HALEOSLABS,HALEOSLABS,,NSE:HALEOSLABS
HAPPSTMNDS,HAPPSTMNDS,,NSE:HAPPSTMNDS
HAPPYFORGE,HAPPYFORGE,,NSE:HAPPYFORGE
HARDWYN,HARDWYN,,NSE:HARDWYN
HARIOMPIPE,HARIOMPIPE,,NSE:HARIOMPIPE
HARRMALAYA,HARRMALAYA,,NSE:HARRMALAYA
HARSHA,HARSHA,,NSE:HARSHA
HATHWAY,HATHWAY,,NSE:HATHWAY
HATSUN,HATSUN,,NSE:HATSUN
HAVELLS,HAVELLS,,NSE:HAVELLS
HAVISHA,HAVISHA,,NSE:HAVISHA
HBLENGINE,HBLENGINE,,NSE:HBLENGINE
HBSL,HBSL,,NSE:HBSL
HCC,HCC,,NSE:HCC
HCG,HCG,,NSE:HCG
HCG-RE,HCG-RE,,NSE:HCG-RE
HCL-INSYS,HCL-INSYS,,NSE:HCL-INSYS
HCLTECH,HCLTECH,,NSE:HCLTECH
HDBFS,HDBFS,,NSE:HDBFS
HDFCAMC,HDFCAMC,,NSE:HDFCAMC
HDFCBANK,HDFCBANK,,NSE:HDFCBANK
HDFCLIFE,HDFCLIFE,,NSE:HDFCLIFE
HDIL,HDIL,,NSE:HDIL
HEADSUP,HEADSUP,,NSE:HEADSUP
HECPROJECT,HECPROJECT,,NSE:HECPROJECT
HEG,HEG,,NSE:HEG
HEIDELBERG,HEIDELBERG,,NSE:HEIDELBERG
HEMIPROP,HEMIPROP,,NSE:HEMIPROP
HERANBA,HERANBA,,NSE:HERANBA
HERITGFOOD,HERITGFOOD,,NSE:HERITGFOOD
HEROMOTOCO,HEROMOTOCO,,NSE:HEROMOTOCO
HESTERBIO,HESTERBIO,,NSE:HESTERBIO
HEXATRADEX,HEXATRADEX,,NSE:HEXATRADEX
HEXT,HEXT,,NSE:HEXT
HFCL,HFCL,,NSE:HFCL
HGINFRA,HGINFRA,,NSE:HGINFRA
HGM,HGM,,NSE:HGM
HGS,HGS,,NSE:HGS
HIKAL,HIKAL,,NSE:HIKAL
HILINFRA,HILINFRA,,NSE:HILINFRA
HILTON,HILTON,,NSE:HILTON
HIMATSEIDE,HIMATSEIDE,,NSE:HIMATSEIDE
HINDALCO,HINDALCO,,NSE:HINDALCO
HINDCOMPOS,HINDCOMPOS,,NSE:HINDCOMPOS
HINDCON,HINDCON,,NSE:HINDCON
HINDCOPPER,HINDCOPPER,,NSE:HINDCOPPER
HINDOILEXP,HINDOILEXP,,NSE:HINDOILEXP
HINDPETRO,HINDPETRO,,NSE:HINDPETRO
HINDUNILVR,HINDUNILVR,,NSE:HINDUNILVR
HINDWAREAP,HINDWAREAP,,NSE:HINDWAREAP
HINDZINC,HINDZINC,,NSE:HINDZINC
HIRECT,HIRECT,,NSE:HIRECT
HISARMETAL,HISARMETAL,,NSE:HISARMETAL
HITECH,HITECH,,NSE:HITECH
HITECHCORP,HITECHCORP,,NSE:HITECHCORP
HITECHGEAR,HITECHGEAR,,NSE:HITECHGEAR
HLEGLAS,HLEGLAS,,NSE:HLEGLAS
HLVLTD,HLVLTD,,NSE:HLVLTD
HMAAGRO,HMAAGRO,,NSE:HMAAGRO
HMT,HMT,,NSE:HMT
HMVL,HMVL,,NSE:HMVL
HNDFDS,HNDFDS,,NSE:HNDFDS
HOMEFIRST,HOMEFIRST,,NSE:HOMEFIRST
HONASA,HONASA,,NSE:HONASA
HONAUT,HONAUT,,NSE:HONAUT
HONDAPOWER,HONDAPOWER,,NSE:HONDAPOWER
HPAL,HPAL,,NSE:HPAL
HPIL,HPIL,,NSE:HPIL
HPL,HPL,,NSE:HPL
HSCL,HSCL,,NSE:HSCL
HTMEDIA,HTMEDIA,,NSE:HTMEDIA
HUBTOWN,HUBTOWN,,NSE:HUBTOWN
HUDCO,HUDCO,,NSE:HUDCO
HUHTAMAKI,HUHTAMAKI,,NSE:HUHTAMAKI
HYBRIDFIN,HYBRIDFIN,,NSE:HYBRIDFIN
HYUNDAI,HYUNDAI,,NSE:HYUNDAI
IBULLSLTD,IBULLSLTD,,NSE:IBULLSLTD
ICDSLTD,ICDSLTD,,NSE:ICDSLTD
ICEMAKE,ICEMAKE,,NSE:ICEMAKE
ICICIAMC,ICICIAMC,,NSE:ICICIAMC
ICICIBANK,ICICIBANK,,NSE:ICICIBANK
ICICIGI,ICICIGI,,NSE:ICICIGI
ICICIPRULI,ICICIPRULI,,NSE:ICICIPRULI
ICIL,ICIL,,NSE:ICIL
ICRA,ICRA,,NSE:ICRA
IDBI,IDBI,,NSE:IDBI
IDEA,IDEA,,NSE:IDEA
IDEAFORGE,IDEAFORGE,,NSE:IDEAFORGE
IDFCFIRSTB,IDFCFIRSTB,,NSE:IDFCFIRSTB
IEX,IEX,,NSE:IEX
IFBAGRO,IFBAGRO,,NSE:IFBAGRO
IFBIND,IFBIND,,NSE:IFBIND
IFCI,IFCI,,NSE:IFCI
IFGLEXPOR,IFGLEXPOR,,NSE:IFGLEXPOR
IGARASHI,IGARASHI,,NSE:IGARASHI
IGCL,IGCL,,NSE:IGCL
IGIL,IGIL,,NSE:IGIL
IGL,IGL,,NSE:IGL
IGPL,IGPL,,NSE:IGPL
IIFL,IIFL,,NSE:IIFL
IIFLCAPS,IIFLCAPS,,NSE:IIFLCAPS
IITL,IITL,,NSE:IITL
IKIO,IKIO,,NSE:IKIO
IKS,IKS,,NSE:IKS
IL&FSENGG,IL&FSENGG,,NSE:IL&FSENGG
IL&FSTRANS,IL&FSTRANS,,NSE:IL&FSTRANS
IMAGICAA,IMAGICAA,,NSE:IMAGICAA
IMFA,IMFA,,NSE:IMFA
IMPAL,IMPAL,,NSE:IMPAL
IMPEXFERRO,IMPEXFERRO,,NSE:IMPEXFERRO
INA,INA,,NSE:INA
INCREDIBLE,INCREDIBLE,,NSE:INCREDIBLE
INDBANK,INDBANK,,NSE:INDBANK
INDGN,INDGN,,NSE:INDGN
INDHOTEL,INDHOTEL,,NSE:INDHOTEL
INDIACEM,INDIACEM,,NSE:INDIACEM
INDIAGLYCO,INDIAGLYCO,,NSE:INDIAGLYCO
INDIAMART,INDIAMART,,NSE:INDIAMART
INDIANB,INDIANB,,NSE:INDIANB
INDIANCARD,INDIANCARD,,NSE:INDIANCARD
INDIANHUME,INDIANHUME,,NSE:INDIANHUME
INDIASHLTR,INDIASHLTR,,NSE:INDIASHLTR
INDIGO,INDIGO,,NSE:INDIGO
INDIGOPNTS,INDIGOPNTS,,NSE:INDIGOPNTS
INDIQUBE,INDIQUBE,,NSE:INDIQUBE
INDNIPPON,INDNIPPON,,NSE:INDNIPPON
INDOAMIN,INDOAMIN,,NSE:INDOAMIN
INDOBORAX,INDOBORAX,,NSE:INDOBORAX
INDOCO,INDOCO,,NSE:INDOCO
INDOFARM,INDOFARM,,NSE:INDOFARM
INDORAMA,INDORAMA,,NSE:INDORAMA
INDOSTAR,INDOSTAR,,NSE:INDOSTAR
INDOTECH,INDOTECH,,NSE:INDOTECH
INDOTHAI,INDOTHAI,,NSE:INDOTHAI
INDOUS,INDOUS,,NSE:INDOUS
INDOWIND,INDOWIND,,NSE:INDOWIND
INDRAMEDCO,INDRAMEDCO,,NSE:INDRAMEDCO
INDSWFTLAB,INDSWFTLAB,,NSE:INDSWFTLAB
INDTERRAIN,INDTERRAIN,,NSE:INDTERRAIN
INDUSINDBK,INDUSINDBK,,NSE:INDUSINDBK
INDUSTOWER,INDUSTOWER,,NSE:INDUSTOWER
INFOBEAN,INFOBEAN,,NSE:INFOBEAN
INFOMEDIA,INFOMEDIA,,NSE:INFOMEDIA
INFY,INFY,,NSE:INFY
INGERRAND,INGERRAND,,NSE:INGERRAND
INNOVACAP,INNOVACAP,,NSE:INNOVACAP
INNOVANA,INNOVANA,,NSE:INNOVANA
INOXGREEN,INOXGREEN,,NSE:INOXGREEN
INOXINDIA,INOXINDIA,,NSE:INOXINDIA
INOXWIND,INOXWIND,,NSE:INOXWIND
INSECTICID,INSECTICID,,NSE:INSECTICID
INSPIRISYS,INSPIRISYS,,NSE:INSPIRISYS
INTELLECT,INTELLECT,,NSE:INTELLECT
INTENTECH,INTENTECH,,NSE:INTENTECH
INTERARCH,INTERARCH,,NSE:INTERARCH
INTLCONV,INTLCONV,,NSE:INTLCONV
INVENTURE,INVENTURE,,NSE:INVENTURE
IOB,IOB,,NSE:IOB
IOC,IOC,,NSE:IOC
IOLCP,IOLCP,,NSE:IOLCP
IONEXCHANG,IONEXCHANG,,NSE:IONEXCHANG
IPCALAB,IPCALAB,,NSE:IPCALAB
IPL,IPL,,NSE:IPL
IRB,IRB,,NSE:IRB
IRCON,IRCON,,NSE:IRCON
IRCTC,IRCTC,,NSE:IRCTC
IREDA,IREDA,,NSE:IREDA
IRFC,IRFC,,NSE:IRFC
IRIS,IRIS,,NSE:IRIS
IRISDOREME,IRISDOREME,,NSE:IRISDOREME
IRMENERGY,IRMENERGY,,NSE:IRMENERGY
ISFT,ISFT,,NSE:ISFT
ISGEC,ISGEC,,NSE:ISGEC
ISHANCH,ISHANCH,,NSE:ISHANCH
ITC,ITC,,NSE:ITC
ITCHOTELS,ITCHOTELS,,NSE:ITCHOTELS
ITDC,ITDC,,NSE:ITDC
ITI,ITI,,NSE:ITI
IVALUE,IVALUE,,NSE:IVALUE
IVC,IVC,,NSE:IVC
IVP,IVP,,NSE:IVP
IXIGO,IXIGO,,NSE:IXIGO
IZMO,IZMO,,NSE:IZMO
J&KBANK,J&KBANK,,NSE:J&KBANK
JAGRAN,JAGRAN,,NSE:JAGRAN
JAGSNPHARM,JAGSNPHARM,,NSE:JAGSNPHARM
JAIBALAJI,JAIBALAJI,,NSE:JAIBALAJI
JAICORPLTD,JAICORPLTD,,NSE:JAICORPLTD
JAINREC,JAINREC,,NSE:JAINREC
JAIPURKURT,JAIPURKURT,,NSE:JAIPURKURT
JAMNAAUTO,JAMNAAUTO,,NSE:JAMNAAUTO
JARO,JARO,,NSE:JARO
JASH,JASH,,NSE:JASH
JAYAGROGN,JAYAGROGN,,NSE:JAYAGROGN
JAYBARMARU,JAYBARMARU,,NSE:JAYBARMARU
JAYKAY,JAYKAY,,NSE:JAYKAY
JAYNECOIND,JAYNECOIND,,NSE:JAYNECOIND
JAYSREETEA,JAYSREETEA,,NSE:JAYSREETEA
JBCHEPHARM,JBCHEPHARM,,NSE:JBCHEPHARM
JBMA,JBMA,,NSE:JBMA
JETFREIGHT,JETFREIGHT,,NSE:JETFREIGHT
JGCHEM,JGCHEM,,NSE:JGCHEM
JHS,JHS,,NSE:JHS
JINDALPHOT,JINDALPHOT,,NSE:JINDALPHOT
JINDALPOLY,JINDALPOLY,,NSE:JINDALPOLY
JINDALSAW,JINDALSAW,,NSE:JINDALSAW
JINDALSTEL,JINDALSTEL,,NSE:JINDALSTEL
JINDRILL,JINDRILL,,NSE:JINDRILL
JINDWORLD,JINDWORLD,,NSE:JINDWORLD
JIOFIN,JIOFIN,,NSE:JIOFIN
JISLDVREQS,JISLDVREQS,,NSE:JISLDVREQS
JISLJALEQS,JISLJALEQS,,NSE:JISLJALEQS
JITFINFRA,JITFINFRA,,NSE:JITFINFRA
JKCEMENT,JKCEMENT,,NSE:JKCEMENT
JKIL,JKIL,,NSE:JKIL
JKIPL,JKIPL,,NSE:JKIPL
JKLAKSHMI,JKLAKSHMI,,NSE:JKLAKSHMI
JKPAPER,JKPAPER,,NSE:JKPAPER
JKTYRE,JKTYRE,,NSE:JKTYRE
JLHL,JLHL,,NSE:JLHL
JMA,JMA,,NSE:JMA
JMFINANCIL,JMFINANCIL,,NSE:JMFINANCIL
JNKINDIA,JNKINDIA,,NSE:JNKINDIA
JOCIL,JOCIL,,NSE:JOCIL
JPASSOCIAT,JPASSOCIAT,,NSE:JPASSOCIAT
JPOLYINVST,JPOLYINVST,,NSE:JPOLYINVST
JPPOWER,JPPOWER,,NSE:JPPOWER
JSFB,JSFB,,NSE:JSFB
JSL,JSL,,NSE:JSL
JSLL,JSLL,,NSE:JSLL
JSWCEMENT,JSWCEMENT,,NSE:JSWCEMENT
JSWENERGY,JSWENERGY,,NSE:JSWENERGY
JSWHL,JSWHL,,NSE:JSWHL
JSWINFRA,JSWINFRA,,NSE:JSWINFRA
JSWSTEEL,JSWSTEEL,,NSE:JSWSTEEL
JTEKTINDIA,JTEKTINDIA,,NSE:JTEKTINDIA
JTLIND,JTLIND,,NSE:JTLIND
JUBLCPL,JUBLCPL,,NSE:JUBLCPL
JUBLFOOD,JUBLFOOD,,NSE:JUBLFOOD
JUBLINGREA,JUBLINGREA,,NSE:JUBLINGREA
JUBLPHARMA,JUBLPHARMA,,NSE:JUBLPHARMA
JUNIPER,JUNIPER,,NSE:JUNIPER
JUSTDIAL,JUSTDIAL,,NSE:JUSTDIAL
JWL,JWL,,NSE:JWL
JYOTHYLAB,JYOTHYLAB,,NSE:JYOTHYLAB
JYOTICNC,JYOTICNC,,NSE:JYOTICNC
JYOTISTRUC,JYOTISTRUC,,NSE:JYOTISTRUC
KABRAEXTRU,KABRAEXTRU,,NSE:KABRAEXTRU
KAJARIACER,KAJARIACER,,NSE:KAJARIACER
KAKATCEM,KAKATCEM,,NSE:KAKATCEM
KALAMANDIR,KALAMANDIR,,NSE:KALAMANDIR
KALPATARU,KALPATARU,,NSE:KALPATARU
KALYANI,KALYANI,,NSE:KALYANI
KALYANIFRG,KALYANIFRG,,NSE:KALYANIFRG
KALYANKJIL,KALYANKJIL,,NSE:KALYANKJIL
KAMATHOTEL,KAMATHOTEL,,NSE:KAMATHOTEL
KAMDHENU,KAMDHENU,,NSE:KAMDHENU
KAMOPAINTS,KAMOPAINTS,,NSE:KAMOPAINTS
KANANIIND,KANANIIND,,NSE:KANANIIND
KANORICHEM,KANORICHEM,,NSE:KANORICHEM
KANPRPLA,KANPRPLA,,NSE:KANPRPLA
KANSAINER,KANSAINER,,NSE:KANSAINER
KAPSTON,KAPSTON,,NSE:KAPSTON
KARMAENG,KARMAENG,,NSE:KARMAENG
KARURVYSYA,KARURVYSYA,,NSE:KARURVYSYA
KAUSHALYA,KAUSHALYA,,NSE:KAUSHALYA
KAVDEFENCE,KAVDEFENCE,,NSE:KAVDEFENCE
KAYA,KAYA,,NSE:KAYA
KAYNES,KAYNES,,NSE:KAYNES
KCP,KCP,,NSE:KCP
KCPSUGIND,KCPSUGIND,,NSE:KCPSUGIND
KDDL,KDDL,,NSE:KDDL
KEC,KEC,,NSE:KEC
KECL,KECL,,NSE:KECL
KEEPLEARN,KEEPLEARN,,NSE:KEEPLEARN
KEI,KEI,,NSE:KEI
KELLTONTEC,KELLTONTEC,,NSE:KELLTONTEC
KERNEX,KERNEX,,NSE:KERNEX
KESORAMIND,KESORAMIND,,NSE:KESORAMIND
KEYFINSERV,KEYFINSERV,,NSE:KEYFINSERV
KFINTECH,KFINTECH,,NSE:KFINTECH
KHADIM,KHADIM,,NSE:KHADIM
KHAICHEM,KHAICHEM,,NSE:KHAICHEM
KHAITANLTD,KHAITANLTD,,NSE:KHAITANLTD
KHANDSE,KHANDSE,,NSE:KHANDSE
KICL,KICL,,NSE:KICL
KILITCH,KILITCH,,NSE:KILITCH
KIMS,KIMS,,NSE:KIMS
KINGFA,KINGFA,,NSE:KINGFA
KIOCL,KIOCL,,NSE:KIOCL
KIRIINDUS,KIRIINDUS,,NSE:KIRIINDUS
KIRLOSBROS,KIRLOSBROS,,NSE:KIRLOSBROS
KIRLOSENG,KIRLOSENG,,NSE:KIRLOSENG
KIRLOSIND,KIRLOSIND,,NSE:KIRLOSIND
KIRLPNU,KIRLPNU,,NSE:KIRLPNU
KITEX,KITEX,,NSE:KITEX
KKCL,KKCL,,NSE:KKCL
KMEW,KMEW,,NSE:KMEW
KMSUGAR,KMSUGAR,,NSE:KMSUGAR
KNAGRI,KNAGRI,,NSE:KNAGRI
KNRCON,KNRCON,,NSE:KNRCON
KOHINOOR,KOHINOOR,,NSE:KOHINOOR
KOKUYOCMLN,KOKUYOCMLN,,NSE:KOKUYOCMLN
KOLTEPATIL,KOLTEPATIL,,NSE:KOLTEPATIL
KOPRAN,KOPRAN,,NSE:KOPRAN
KOTAKBANK,KOTAKBANK,,NSE:KOTAKBANK
KOTARISUG,KOTARISUG,,NSE:KOTARISUG
KOTHARIPET,KOTHARIPET,,NSE:KOTHARIPET
KOTHARIPRO,KOTHARIPRO,,NSE:KOTHARIPRO
KOTYARK,KOTYARK,,NSE:KOTYARK
KPEL,KPEL,,NSE:KPEL
KPIGREEN,KPIGREEN,,NSE:KPIGREEN
KPIL,KPIL,,NSE:KPIL
KPITTECH,KPITTECH,,NSE:KPITTECH
KPRMILL,KPRMILL,,NSE:KPRMILL
KRBL,KRBL,,NSE:KRBL
KREBSBIO,KREBSBIO,,NSE:KREBSBIO
KRIDHANINF,KRIDHANINF,,NSE:KRIDHANINF
KRISHANA,KRISHANA,,NSE:KRISHANA
KRISHIVAL,KRISHIVAL,,NSE:KRISHIVAL
KRISHNADEF,KRISHNADEF,,NSE:KRISHNADEF
KRITI,KRITI,,NSE:KRITI
KRITIKA,KRITIKA,,NSE:KRITIKA
KRITINUT,KRITINUT,,NSE:KRITINUT
KRN,KRN,,NSE:KRN
KRONOX,KRONOX,,NSE:KRONOX
KROSS,KROSS,,NSE:KROSS
KRSNAA,KRSNAA,,NSE:KRSNAA
KRYSTAL,KRYSTAL,,NSE:KRYSTAL
KSB,KSB,,NSE:KSB
KSCL,KSCL,,NSE:KSCL
KSHINTL,KSHINTL,,NSE:KSHINTL
KSHITIJPOL,KSHITIJPOL,,NSE:KSHITIJPOL
KSL,KSL,,NSE:KSL
KSOLVES,KSOLVES,,NSE:KSOLVES
KSR,KSR,,NSE:KSR
KTKBANK,KTKBANK,,NSE:KTKBANK
KUANTUM,KUANTUM,,NSE:KUANTUM
KWIL,KWIL,,NSE:KWIL
LAGNAM,LAGNAM,,NSE:LAGNAM
LAKPRE,LAKPRE,,NSE:LAKPRE
LAL,LAL,,NSE:LAL
LALPATHLAB,LALPATHLAB,,NSE:LALPATHLAB
LAMBODHARA,LAMBODHARA,,NSE:LAMBODHARA
LANCORHOL,LANCORHOL,,NSE:LANCORHOL
LANDMARK,LANDMARK,,NSE:LANDMARK
LAOPALA,LAOPALA,,NSE:LAOPALA
LASA,LASA,,NSE:LASA
LATENTVIEW,LATENTVIEW,,NSE:LATENTVIEW
LATTEYS,LATTEYS,,NSE:LATTEYS
LAURUSLABS,LAURUSLABS,,NSE:LAURUSLABS
LAXMICOT,LAXMICOT,,NSE:LAXMICOT
LAXMIDENTL,LAXMIDENTL,,NSE:LAXMIDENTL
LAXMIINDIA,LAXMIINDIA,,NSE:LAXMIINDIA
LCCINFOTEC,LCCINFOTEC,,NSE:LCCINFOTEC
LEMERITE,LEMERITE,,NSE:LEMERITE
LEMONTREE,LEMONTREE,,NSE:LEMONTREE
LENSKART,LENSKART,,NSE:LENSKART
LEXUS,LEXUS,,NSE:LEXUS
LFIC,LFIC,,NSE:LFIC
LGBBROSLTD,LGBBROSLTD,,NSE:LGBBROSLTD
LGEINDIA,LGEINDIA,,NSE:LGEINDIA
LGHL,LGHL,,NSE:LGHL
LIBAS,LIBAS,,NSE:LIBAS
LIBERTSHOE,LIBERTSHOE,,NSE:LIBERTSHOE
LICHSGFIN,LICHSGFIN,,NSE:LICHSGFIN
LICI,LICI,,NSE:LICI
LIKHITHA,LIKHITHA,,NSE:LIKHITHA
LINC,LINC,,NSE:LINC
LINCOLN,LINCOLN,,NSE:LINCOLN
LINDEINDIA,LINDEINDIA,,NSE:LINDEINDIA
LLOYDSENGG,LLOYDSENGG,,NSE:LLOYDSENGG
LLOYDSENT,LLOYDSENT,,NSE:LLOYDSENT
LLOYDSME,LLOYDSME,,NSE:LLOYDSME
LMW,LMW,,NSE:LMW
LODHA,LODHA,,NSE:LODHA
LOKESHMACH,LOKESHMACH,,NSE:LOKESHMACH
LORDSCHLO,LORDSCHLO,,NSE:LORDSCHLO
LOTUSDEV,LOTUSDEV,,NSE:LOTUSDEV
LOTUSEYE,LOTUSEYE,,NSE:LOTUSEYE
LOVABLE,LOVABLE,,NSE:LOVABLE
LOYALTEX,LOYALTEX,,NSE:LOYALTEX
LPDC,LPDC,,NSE:LPDC
LT,LT,,NSE:LT
LTF,LTF,,NSE:LTF
LTFOODS,LTFOODS,,NSE:LTFOODS
LTM,LTM,,NSE:LTM
LTTS,LTTS,,NSE:LTTS
LUMAXIND,LUMAXIND,,NSE:LUMAXIND
LUMAXTECH,LUMAXTECH,,NSE:LUMAXTECH
LUPIN,LUPIN,,NSE:LUPIN
LUXIND,LUXIND,,NSE:LUXIND
LXCHEM,LXCHEM,,NSE:LXCHEM
LYKALABS,LYKALABS,,NSE:LYKALABS
LYPSAGEMS,LYPSAGEMS,,NSE:LYPSAGEMS
M&M,M&M,,NSE:M&M
M&MFIN,M&MFIN,,NSE:M&MFIN
MAANALU,MAANALU,,NSE:MAANALU
MACPOWER,MACPOWER,,NSE:MACPOWER
MADHAV,MADHAV,,NSE:MADHAV
MADHUCON,MADHUCON,,NSE:MADHUCON
MADRASFERT,MADRASFERT,,NSE:MADRASFERT
MAGADSUGAR,MAGADSUGAR,,NSE:MAGADSUGAR
MAGNUM,MAGNUM,,NSE:MAGNUM
MAHABANK,MAHABANK,,NSE:MAHABANK
MAHAPEXLTD,MAHAPEXLTD,,NSE:MAHAPEXLTD
MAHASTEEL,MAHASTEEL,,NSE:MAHASTEEL
MAHEPC,MAHEPC,,NSE:MAHEPC
MAHESHWARI,MAHESHWARI,,NSE:MAHESHWARI
MAHLIFE,MAHLIFE,,NSE:MAHLIFE
MAHLOG,MAHLOG,,NSE:MAHLOG
MAHSCOOTER,MAHSCOOTER,,NSE:MAHSCOOTER
MAHSEAMLES,MAHSEAMLES,,NSE:MAHSEAMLES
MAITHANALL,MAITHANALL,,NSE:MAITHANALL
MALLCOM,MALLCOM,,NSE:MALLCOM
MALUPAPER,MALUPAPER,,NSE:MALUPAPER
MAMATA,MAMATA,,NSE:MAMATA
MANAKALUCO,MANAKALUCO,,NSE:MANAKALUCO
MANAKCOAT,MANAKCOAT,,NSE:MANAKCOAT
MANAKSIA,MANAKSIA,,NSE:MANAKSIA
MANAKSTEEL,MANAKSTEEL,,NSE:MANAKSTEEL
MANALIPETC,MANALIPETC,,NSE:MANALIPETC
MANAPPURAM,MANAPPURAM,,NSE:MANAPPURAM
MANBA,MANBA,,NSE:MANBA
MANCREDIT,MANCREDIT,,NSE:MANCREDIT
MANGALAM,MANGALAM,,NSE:MANGALAM
MANGLMCEM,MANGLMCEM,,NSE:MANGLMCEM
MANINDS,MANINDS,,NSE:MANINDS
MANINFRA,MANINFRA,,NSE:MANINFRA
MANKIND,MANKIND,,NSE:MANKIND
MANOMAY,MANOMAY,,NSE:MANOMAY
MANORAMA,MANORAMA,,NSE:MANORAMA
MANORG,MANORG,,NSE:MANORG
MANUGRAPH,MANUGRAPH,,NSE:MANUGRAPH
MANYAVAR,MANYAVAR,,NSE:MANYAVAR
MAPMYINDIA,MAPMYINDIA,,NSE:MAPMYINDIA
MARALOVER,MARALOVER,,NSE:MARALOVER
MARATHON,MARATHON,,NSE:MARATHON
MARICO,MARICO,,NSE:MARICO
MARINE,MARINE,,NSE:MARINE
MARKOLINES,MARKOLINES,,NSE:MARKOLINES
MARKSANS,MARKSANS,,NSE:MARKSANS
MARSONS,MARSONS,,NSE:MARSONS
MARUTI,MARUTI,,NSE:MARUTI
MASFIN,MASFIN,,NSE:MASFIN
MASKINVEST,MASKINVEST,,NSE:MASKINVEST
MASTEK,MASTEK,,NSE:MASTEK
MASTERTR,MASTERTR,,NSE:MASTERTR
MATRIMONY,MATRIMONY,,NSE:MATRIMONY
MAWANASUG,MAWANASUG,,NSE:MAWANASUG
MAXESTATES,MAXESTATES,,NSE:MAXESTATES
MAXHEALTH,MAXHEALTH,,NSE:MAXHEALTH
MAXIND,MAXIND,,NSE:MAXIND
MAYURUNIQ,MAYURUNIQ,,NSE:MAYURUNIQ
MAZDA,MAZDA,,NSE:MAZDA
MAZDOCK,MAZDOCK,,NSE:MAZDOCK
MBAPL,MBAPL,,NSE:MBAPL
MBEL,MBEL,,NSE:MBEL
MBLINFRA,MBLINFRA,,NSE:MBLINFRA
MCL,MCL,,NSE:MCL
MCLEODRUSS,MCLEODRUSS,,NSE:MCLEODRUSS
MCLOUD,MCLOUD,,NSE:MCLOUD
MCX,MCX,,NSE:MCX
MEDANTA,MEDANTA,,NSE:MEDANTA
MEDIASSIST,MEDIASSIST,,NSE:MEDIASSIST
MEDICAMEQ,MEDICAMEQ,,NSE:MEDICAMEQ
MEDICO,MEDICO,,NSE:MEDICO
MEDPLUS,MEDPLUS,,NSE:MEDPLUS
MEESHO,MEESHO,,NSE:MEESHO
MEGASTAR,MEGASTAR,,NSE:MEGASTAR
MEIL,MEIL,,NSE:MEIL
MENONBE,MENONBE,,NSE:MENONBE
MEP,MEP,,NSE:MEP
METROBRAND,METROBRAND,,NSE:METROBRAND
METROPOLIS,METROPOLIS,,NSE:METROPOLIS
MFML,MFML,,NSE:MFML
MFSL,MFSL,,NSE:MFSL
MGEL,MGEL,,NSE:MGEL
MGL,MGL,,NSE:MGL
MHLXMIRU,MHLXMIRU,,NSE:MHLXMIRU
MHRIL,MHRIL,,NSE:MHRIL
MICEL,MICEL,,NSE:MICEL
MIDHANI,MIDHANI,,NSE:MIDHANI
MIDWESTLTD,MIDWESTLTD,,NSE:MIDWESTLTD
MINDACORP,MINDACORP,,NSE:MINDACORP
MINDTECK,MINDTECK,,NSE:MINDTECK
MIRCELECTR,MIRCELECTR,,NSE:MIRCELECTR
MIRZAINT,MIRZAINT,,NSE:MIRZAINT
MITCON,MITCON,,NSE:MITCON
MITTAL,MITTAL,,NSE:MITTAL
MKPL,MKPL,,NSE:MKPL
MMFL,MMFL,,NSE:MMFL
MMP,MMP,,NSE:MMP
MMTC,MMTC,,NSE:MMTC
MOBIKWIK,MOBIKWIK,,NSE:MOBIKWIK
MODINATUR,MODINATUR,,NSE:MODINATUR
MODIRUBBER,MODIRUBBER,,NSE:MODIRUBBER
MODIS,MODIS,,NSE:MODIS
MODISONLTD,MODISONLTD,,NSE:MODISONLTD
MODTHREAD,MODTHREAD,,NSE:MODTHREAD
MOHITIND,MOHITIND,,NSE:MOHITIND
MOIL,MOIL,,NSE:MOIL
MOKSH,MOKSH,,NSE:MOKSH
MOL,MOL,,NSE:MOL
MOLDTECH,MOLDTECH,,NSE:MOLDTECH
MOLDTKPAC,MOLDTKPAC,,NSE:MOLDTKPAC
MONARCH,MONARCH,,NSE:MONARCH
MONEYBOXX,MONEYBOXX,,NSE:MONEYBOXX
MONTECARLO,MONTECARLO,,NSE:MONTECARLO
MORARJEE,MORARJEE,,NSE:MORARJEE
MOREPENLAB,MOREPENLAB,,NSE:MOREPENLAB
MOSCHIP,MOSCHIP,,NSE:MOSCHIP
MOTHERSON,MOTHERSON,,NSE:MOTHERSON
MOTILALOFS,MOTILALOFS,,NSE:MOTILALOFS
MOTISONS,MOTISONS,,NSE:MOTISONS
MOTOGENFIN,MOTOGENFIN,,NSE:MOTOGENFIN
MPHASIS,MPHASIS,,NSE:MPHASIS
MPSLTD,MPSLTD,,NSE:MPSLTD
MRF,MRF,,NSE:MRF
MRPL,MRPL,,NSE:MRPL
MSPL,MSPL,,NSE:MSPL
MSTCLTD,MSTCLTD,,NSE:MSTCLTD
MSUMI,MSUMI,,NSE:MSUMI
MTARTECH,MTARTECH,,NSE:MTARTECH
MTEDUCARE,MTEDUCARE,,NSE:MTEDUCARE
MTNL,MTNL,,NSE:MTNL
MUFIN,MUFIN,,NSE:MUFIN
MUFTI,MUFTI,,NSE:MUFTI
MUKANDLTD,MUKANDLTD,,NSE:MUKANDLTD
MUKKA,MUKKA,,NSE:MUKKA
MUKTAARTS,MUKTAARTS,,NSE:MUKTAARTS
MUNJALAU,MUNJALAU,,NSE:MUNJALAU
MUNJALSHOW,MUNJALSHOW,,NSE:MUNJALSHOW
MURUDCERA,MURUDCERA,,NSE:MURUDCERA
MUTHOOTCAP,MUTHOOTCAP,,NSE:MUTHOOTCAP
MUTHOOTFIN,MUTHOOTFIN,,NSE:MUTHOOTFIN
MUTHOOTMF,MUTHOOTMF,,NSE:MUTHOOTMF
MVGJL,MVGJL,,NSE:MVGJL
MWL,MWL,,NSE:MWL
NACLIND,NACLIND,,NSE:NACLIND
NAGAFERT,NAGAFERT,,NSE:NAGAFERT
NAGREEKCAP,NAGREEKCAP,,NSE:NAGREEKCAP
NAGREEKEXP,NAGREEKEXP,,NSE:NAGREEKEXP
NAHARCAP,NAHARCAP,,NSE:NAHARCAP
NAHARINDUS,NAHARINDUS,,NSE:NAHARINDUS
NAHARPOLY,NAHARPOLY,,NSE:NAHARPOLY
NAHARSPING,NAHARSPING,,NSE:NAHARSPING
NAM-INDIA,NAM-INDIA,,NSE:NAM-INDIA
NARMADA,NARMADA,,NSE:NARMADA
NATCAPSUQ,NATCAPSUQ,,NSE:NATCAPSUQ
NATCOPHARM,NATCOPHARM,,NSE:NATCOPHARM
NATHBIOGEN,NATHBIOGEN,,NSE:NATHBIOGEN
NATIONALUM,NATIONALUM,,NSE:NATIONALUM
NAUKRI,NAUKRI,,NSE:NAUKRI
NAVA,NAVA,,NSE:NAVA
NAVINFLUOR,NAVINFLUOR,,NSE:NAVINFLUOR
NAVKARCORP,NAVKARCORP,,NSE:NAVKARCORP
NAVKARURB,NAVKARURB,,NSE:NAVKARURB
NAVNETEDUL,NAVNETEDUL,,NSE:NAVNETEDUL
NAZARA,NAZARA,,NSE:NAZARA
NBCC,NBCC,,NSE:NBCC
NBIFIN,NBIFIN,,NSE:NBIFIN
NCC,NCC,,NSE:NCC
NCLIND,NCLIND,,NSE:NCLIND
NDGL,NDGL,,NSE:NDGL
NDL,NDL,,NSE:NDL
NDLVENTURE,NDLVENTURE,,NSE:NDLVENTURE
NDRAUTO,NDRAUTO,,NSE:NDRAUTO
NDTV,NDTV,,NSE:NDTV
NECCLTD,NECCLTD,,NSE:NECCLTD
NECLIFE,NECLIFE,,NSE:NECLIFE
NELCAST,NELCAST,,NSE:NELCAST
NELCO,NELCO,,NSE:NELCO
NEOGEN,NEOGEN,,NSE:NEOGEN
NEPHROPLUS,NEPHROPLUS,,NSE:NEPHROPLUS
NESCO,NESCO,,NSE:NESCO
NESTLEIND,NESTLEIND,,NSE:NESTLEIND
NETWEB,NETWEB,,NSE:NETWEB
NETWORK18,NETWORK18,,NSE:NETWORK18
NEUEON,NEUEON,,NSE:NEUEON
NEULANDLAB,NEULANDLAB,,NSE:NEULANDLAB
NEWGEN,NEWGEN,,NSE:NEWGEN
NEXTMEDIA,NEXTMEDIA,,NSE:NEXTMEDIA
NFL,NFL,,NSE:NFL
NGIL,NGIL,,NSE:NGIL
NGLFINE,NGLFINE,,NSE:NGLFINE
NH,NH,,NSE:NH
NHPC,NHPC,,NSE:NHPC
NIACL,NIACL,,NSE:NIACL
NIBE,NIBE,,NSE:NIBE
NIBL,NIBL,,NSE:NIBL
NIITLTD,NIITLTD,,NSE:NIITLTD
NIITMTS,NIITMTS,,NSE:NIITMTS
NILAINFRA,NILAINFRA,,NSE:NILAINFRA
NILASPACES,NILASPACES,,NSE:NILASPACES
NILKAMAL,NILKAMAL,,NSE:NILKAMAL
NINSYS,NINSYS,,NSE:NINSYS
NIPPOBATRY,NIPPOBATRY,,NSE:NIPPOBATRY
NIRAJ,NIRAJ,,NSE:NIRAJ
NIRAJISPAT,NIRAJISPAT,,NSE:NIRAJISPAT
NITCO,NITCO,,NSE:NITCO
NITINSPIN,NITINSPIN,,NSE:NITINSPIN
NITIRAJ,NITIRAJ,,NSE:NITIRAJ
NIVABUPA,NIVABUPA,,NSE:NIVABUPA
NKIND,NKIND,,NSE:NKIND
NLCINDIA,NLCINDIA,,NSE:NLCINDIA
NMDC,NMDC,,NSE:NMDC
NOCIL,NOCIL,,NSE:NOCIL
NOIDATOLL,NOIDATOLL,,NSE:NOIDATOLL
NORBTEAEXP,NORBTEAEXP,,NSE:NORBTEAEXP
NORTHARC,NORTHARC,,NSE:NORTHARC
NOVAAGRI,NOVAAGRI,,NSE:NOVAAGRI
NPST,NPST,,NSE:NPST
NRAIL,NRAIL,,NSE:NRAIL
NRBBEARING,NRBBEARING,,NSE:NRBBEARING
NRL,NRL,,NSE:NRL
NSIL,NSIL,,NSE:NSIL
NSLNISP,NSLNISP,,NSE:NSLNISP
NTPC,NTPC,,NSE:NTPC
NTPCGREEN,NTPCGREEN,,NSE:NTPCGREEN
NUCLEUS,NUCLEUS,,NSE:NUCLEUS
NURECA,NURECA,,NSE:NURECA
NUVAMA,NUVAMA,,NSE:NUVAMA
NUVOCO,NUVOCO,,NSE:NUVOCO
NYKAA,NYKAA,,NSE:NYKAA
OAL,OAL,,NSE:OAL
OBCL,OBCL,,NSE:OBCL
OBEROIRLTY,OBEROIRLTY,,NSE:OBEROIRLTY
OCCLLTD,OCCLLTD,,NSE:OCCLLTD
ODIGMA,ODIGMA,,NSE:ODIGMA
OFSS,OFSS,,NSE:OFSS
OIL,OIL,,NSE:OIL
OILCOUNTUB,OILCOUNTUB,,NSE:OILCOUNTUB
OLAELEC,OLAELEC,,NSE:OLAELEC
OLECTRA,OLECTRA,,NSE:OLECTRA
OMAXAUTO,OMAXAUTO,,NSE:OMAXAUTO
OMAXE,OMAXE,,NSE:OMAXE
OMFREIGHT,OMFREIGHT,,NSE:OMFREIGHT
OMINFRAL,OMINFRAL,,NSE:OMINFRAL
OMKARCHEM,OMKARCHEM,,NSE:OMKARCHEM
OMNI,OMNI,,NSE:OMNI
ONELIFECAP,ONELIFECAP,,NSE:ONELIFECAP
ONEPOINT,ONEPOINT,,NSE:ONEPOINT
ONESOURCE,ONESOURCE,,NSE:ONESOURCE
ONGC,ONGC,,NSE:ONGC
ONMOBILE,ONMOBILE,,NSE:ONMOBILE
ONWARDTEC,ONWARDTEC,,NSE:ONWARDTEC
OPTIEMUS,OPTIEMUS,,NSE:OPTIEMUS
ORBTEXP,ORBTEXP,,NSE:ORBTEXP
ORCHASP,ORCHASP,,NSE:ORCHASP
ORCHPHARMA,ORCHPHARMA,,NSE:ORCHPHARMA
ORICONENT,ORICONENT,,NSE:ORICONENT
ORIENTALTL,ORIENTALTL,,NSE:ORIENTALTL
ORIENTBELL,ORIENTBELL,,NSE:ORIENTBELL
ORIENTCEM,ORIENTCEM,,NSE:ORIENTCEM
ORIENTCER,ORIENTCER,,NSE:ORIENTCER
ORIENTELEC,ORIENTELEC,,NSE:ORIENTELEC
ORIENTHOT,ORIENTHOT,,NSE:ORIENTHOT
ORIENTLTD,ORIENTLTD,,NSE:ORIENTLTD
ORIENTPPR,ORIENTPPR,,NSE:ORIENTPPR
ORIENTTECH,ORIENTTECH,,NSE:ORIENTTECH
ORISSAMINE,ORISSAMINE,,NSE:ORISSAMINE
ORKLAINDIA,ORKLAINDIA,,NSE:ORKLAINDIA
ORTEL,ORTEL,,NSE:ORTEL
ORTINGLOBE,ORTINGLOBE,,NSE:ORTINGLOBE
OSIAHYPER,OSIAHYPER,,NSE:OSIAHYPER
OSWALAGRO,OSWALAGRO,,NSE:OSWALAGRO
OSWALGREEN,OSWALGREEN,,NSE:OSWALGREEN
OSWALPUMPS,OSWALPUMPS,,NSE:OSWALPUMPS
OSWALSEEDS,OSWALSEEDS,,NSE:OSWALSEEDS
PACEDIGITK,PACEDIGITK,,NSE:PACEDIGITK
PAGEIND,PAGEIND,,NSE:PAGEIND
PAISALO,PAISALO,,NSE:PAISALO
PAKKA,PAKKA,,NSE:PAKKA
PALASHSECU,PALASHSECU,,NSE:PALASHSECU
PALREDTEC,PALREDTEC,,NSE:PALREDTEC
PANACEABIO,PANACEABIO,,NSE:PANACEABIO
PANACHE,PANACHE,,NSE:PANACHE
PANAMAPET,PANAMAPET,,NSE:PANAMAPET
PANSARI,PANSARI,,NSE:PANSARI
PAR,PAR,,NSE:PAR
PARACABLES,PARACABLES,,NSE:PARACABLES
PARADEEP,PARADEEP,,NSE:PARADEEP
PARAGMILK,PARAGMILK,,NSE:PARAGMILK
PARAS,PARAS,,NSE:PARAS
PARASPETRO,PARASPETRO,,NSE:PARASPETRO
PARKHOSPS,PARKHOSPS,,NSE:PARKHOSPS
PARKHOTELS,PARKHOTELS,,NSE:PARKHOTELS
PARSVNATH,PARSVNATH,,NSE:PARSVNATH
PASHUPATI,PASHUPATI,,NSE:PASHUPATI
PASUPTAC,PASUPTAC,,NSE:PASUPTAC
PATANJALI,PATANJALI,,NSE:PATANJALI
PATELENG,PATELENG,,NSE:PATELENG
PATELRMART,PATELRMART,,NSE:PATELRMART
PATINTLOG,PATINTLOG,,NSE:PATINTLOG
PAUSHAKLTD,PAUSHAKLTD,,NSE:PAUSHAKLTD
PAVNAIND,PAVNAIND,,NSE:PAVNAIND
PAYTM,PAYTM,,NSE:PAYTM
PCBL,PCBL,,NSE:PCBL
PCJEWELLER,PCJEWELLER,,NSE:PCJEWELLER
PDMJEPAPER,PDMJEPAPER,,NSE:PDMJEPAPER
PDSL,PDSL,,NSE:PDSL
PEARLPOLY,PEARLPOLY,,NSE:PEARLPOLY
PENIND,PENIND,,NSE:PENIND
PENINLAND,PENINLAND,,NSE:PENINLAND
PERSISTENT,PERSISTENT,,NSE:PERSISTENT
PETRONET,PETRONET,,NSE:PETRONET
PFC,PFC,,NSE:PFC
PFIZER,PFIZER,,NSE:PFIZER
PFOCUS,PFOCUS,,NSE:PFOCUS
PFS,PFS,,NSE:PFS
PGEL,PGEL,,NSE:PGEL
PGHH,PGHH,,NSE:PGHH
PGHL,PGHL,,NSE:PGHL
PGIL,PGIL,,NSE:PGIL
PHOENIXLTD,PHOENIXLTD,,NSE:PHOENIXLTD
PICCADIL,PICCADIL,,NSE:PICCADIL
PIDILITIND,PIDILITIND,,NSE:PIDILITIND
PIGL,PIGL,,NSE:PIGL
PIIND,PIIND,,NSE:PIIND
PILANIINVS,PILANIINVS,,NSE:PILANIINVS
PILITA,PILITA,,NSE:PILITA
PINELABS,PINELABS,,NSE:PINELABS
PIONEEREMB,PIONEEREMB,,NSE:PIONEEREMB
PIRAMALFIN,PIRAMALFIN,,NSE:PIRAMALFIN
PITTIENG,PITTIENG,,NSE:PITTIENG
PIXTRANS,PIXTRANS,,NSE:PIXTRANS
PKTEA,PKTEA,,NSE:PKTEA
PLASTIBLEN,PLASTIBLEN,,NSE:PLASTIBLEN
PLATIND,PLATIND,,NSE:PLATIND
PLAZACABLE,PLAZACABLE,,NSE:PLAZACABLE
PNB,PNB,,NSE:PNB
PNBGILTS,PNBGILTS,,NSE:PNBGILTS
PNBHOUSING,PNBHOUSING,,NSE:PNBHOUSING
PNC,PNC,,NSE:PNC
PNCINFRA,PNCINFRA,,NSE:PNCINFRA
PNGJL,PNGJL,,NSE:PNGJL
PNGSREVA,PNGSREVA,,NSE:PNGSREVA
POCL,POCL,,NSE:POCL
PODDARMENT,PODDARMENT,,NSE:PODDARMENT
POKARNA,POKARNA,,NSE:POKARNA
POLICYBZR,POLICYBZR,,NSE:POLICYBZR
POLYCAB,POLYCAB,,NSE:POLYCAB
POLYMED,POLYMED,,NSE:POLYMED
POLYPLEX,POLYPLEX,,NSE:POLYPLEX
PONNIERODE,PONNIERODE,,NSE:PONNIERODE
POONAWALLA,POONAWALLA,,NSE:POONAWALLA
POWERGRID,POWERGRID,,NSE:POWERGRID
POWERINDIA,POWERINDIA,,NSE:POWERINDIA
POWERMECH,POWERMECH,,NSE:POWERMECH
PPAP,PPAP,,NSE:PPAP
PPL,PPL,,NSE:PPL
PPLPHARMA,PPLPHARMA,,NSE:PPLPHARMA
PRABHA,PRABHA,,NSE:PRABHA
PRAENG,PRAENG,,NSE:PRAENG
PRAJIND,PRAJIND,,NSE:PRAJIND
PRAKASH,PRAKASH,,NSE:PRAKASH
PRAKASHSTL,PRAKASHSTL,,NSE:PRAKASHSTL
PRAXIS,PRAXIS,,NSE:PRAXIS
PRECAM,PRECAM,,NSE:PRECAM
PRECOT,PRECOT,,NSE:PRECOT
PRECWIRE,PRECWIRE,,NSE:PRECWIRE
PREMEXPLN,PREMEXPLN,,NSE:PREMEXPLN
PREMIER,PREMIER,,NSE:PREMIER
PREMIERENE,PREMIERENE,,NSE:PREMIERENE
PREMIERPOL,PREMIERPOL,,NSE:PREMIERPOL
PRESTIGE,PRESTIGE,,NSE:PRESTIGE
PRICOLLTD,PRICOLLTD,,NSE:PRICOLLTD
PRIMESECU,PRIMESECU,,NSE:PRIMESECU
PRIMO,PRIMO,,NSE:PRIMO
PRINCEPIPE,PRINCEPIPE,,NSE:PRINCEPIPE
PRITI,PRITI,,NSE:PRITI
PRITIKAUTO,PRITIKAUTO,,NSE:PRITIKAUTO
PRIVISCL,PRIVISCL,,NSE:PRIVISCL
PROSTARM,PROSTARM,,NSE:PROSTARM
PROTEAN,PROTEAN,,NSE:PROTEAN
PROZONER,PROZONER,,NSE:PROZONER
PRSMJOHNSN,PRSMJOHNSN,,NSE:PRSMJOHNSN
PRUDENT,PRUDENT,,NSE:PRUDENT
PRUDMOULI,PRUDMOULI,,NSE:PRUDMOULI
PSB,PSB,,NSE:PSB
PSPPROJECT,PSPPROJECT,,NSE:PSPPROJECT
PTC,PTC,,NSE:PTC
PTCIL,PTCIL,,NSE:PTCIL
PTL,PTL,,NSE:PTL
PUNJABCHEM,PUNJABCHEM,,NSE:PUNJABCHEM
PURVA,PURVA,,NSE:PURVA
PVP,PVP,,NSE:PVP
PVRINOX,PVRINOX,,NSE:PVRINOX
PVSL,PVSL,,NSE:PVSL
PWL,PWL,,NSE:PWL
PYRAMID,PYRAMID,,NSE:PYRAMID
QPOWER,QPOWER,,NSE:QPOWER
QUADFUTURE,QUADFUTURE,,NSE:QUADFUTURE
QUESS,QUESS,,NSE:QUESS
QUICKHEAL,QUICKHEAL,,NSE:QUICKHEAL
QUINTEGRA,QUINTEGRA,,NSE:QUINTEGRA
RACE,RACE,,NSE:RACE
RACLGEAR,RACLGEAR,,NSE:RACLGEAR
RADAAN,RADAAN,,NSE:RADAAN
RADHIKAJWE,RADHIKAJWE,,NSE:RADHIKAJWE
RADIANTCMS,RADIANTCMS,,NSE:RADIANTCMS
RADICO,RADICO,,NSE:RADICO
RADIOCITY,RADIOCITY,,NSE:RADIOCITY
RAILTEL,RAILTEL,,NSE:RAILTEL
RAIN,RAIN,,NSE:RAIN
RAINBOW,RAINBOW,,NSE:RAINBOW
RAJESHEXPO,RAJESHEXPO,,NSE:RAJESHEXPO
RAJMET,RAJMET,,NSE:RAJMET
RAJOOENG,RAJOOENG,,NSE:RAJOOENG
RAJRATAN,RAJRATAN,,NSE:RAJRATAN
RAJRILTD,RAJRILTD,,NSE:RAJRILTD
RAJSREESUG,RAJSREESUG,,NSE:RAJSREESUG
RAJTV,RAJTV,,NSE:RAJTV
RAJVIR,RAJVIR,,NSE:RAJVIR
RALLIS,RALLIS,,NSE:RALLIS
RAMANEWS,RAMANEWS,,NSE:RAMANEWS
RAMAPHO,RAMAPHO,,NSE:RAMAPHO
RAMASTEEL,RAMASTEEL,,NSE:RAMASTEEL
RAMCOCEM,RAMCOCEM,,NSE:RAMCOCEM
RAMCOIND,RAMCOIND,,NSE:RAMCOIND
RAMCOSYS,RAMCOSYS,,NSE:RAMCOSYS
RAMKY,RAMKY,,NSE:RAMKY
RAMRAT,RAMRAT,,NSE:RAMRAT
RANASUG,RANASUG,,NSE:RANASUG
RANEHOLDIN,RANEHOLDIN,,NSE:RANEHOLDIN
RATEGAIN,RATEGAIN,,NSE:RATEGAIN
RATNAMANI,RATNAMANI,,NSE:RATNAMANI
RATNAVEER,RATNAVEER,,NSE:RATNAVEER
RAYMOND,RAYMOND,,NSE:RAYMOND
RAYMONDLSL,RAYMONDLSL,,NSE:RAYMONDLSL
RAYMONDREL,RAYMONDREL,,NSE:RAYMONDREL
RBA,RBA,,NSE:RBA
RBLBANK,RBLBANK,,NSE:RBLBANK
RBZJEWEL,RBZJEWEL,,NSE:RBZJEWEL
RCF,RCF,,NSE:RCF
RCOM,RCOM,,NSE:RCOM
RECLTD,RECLTD,,NSE:RECLTD
REDINGTON,REDINGTON,,NSE:REDINGTON
REDTAPE,REDTAPE,,NSE:REDTAPE
REFEX,REFEX,,NSE:REFEX
REGAAL,REGAAL,,NSE:REGAAL
REGENCERAM,REGENCERAM,,NSE:REGENCERAM
RELAXO,RELAXO,,NSE:RELAXO
RELCHEMQ,RELCHEMQ,,NSE:RELCHEMQ
RELIABLE,RELIABLE,,NSE:RELIABLE
RELIANCE,RELIANCE,,NSE:RELIANCE
RELIGARE,RELIGARE,,NSE:RELIGARE
RELINFRA,RELINFRA,,NSE:RELINFRA
RELTD,RELTD,,NSE:RELTD
REMSONSIND,REMSONSIND,,NSE:REMSONSIND
RENUKA,RENUKA,,NSE:RENUKA
REPCOHOME,REPCOHOME,,NSE:REPCOHOME
REPL,REPL,,NSE:REPL
REPRO,REPRO,,NSE:REPRO
RESPONIND,RESPONIND,,NSE:RESPONIND
RETAIL,RETAIL,,NSE:RETAIL
RGL,RGL,,NSE:RGL
RHETAN,RHETAN,,NSE:RHETAN
RHIM,RHIM,,NSE:RHIM
RHL,RHL,,NSE:RHL
RICOAUTO,RICOAUTO,,NSE:RICOAUTO
RIIL,RIIL,,NSE:RIIL
RISHABH,RISHABH,,NSE:RISHABH
RITCO,RITCO,,NSE:RITCO
RITES,RITES,,NSE:RITES
RKDL,RKDL,,NSE:RKDL
RKEC,RKEC,,NSE:RKEC
RKFORGE,RKFORGE,,NSE:RKFORGE
RKSWAMY,RKSWAMY,,NSE:RKSWAMY
RMDRIP,RMDRIP,,NSE:RMDRIP
RML,RML,,NSE:RML
RNBDENIMS,RNBDENIMS,,NSE:RNBDENIMS
ROHLTD,ROHLTD,,NSE:ROHLTD
ROLEXRINGS,ROLEXRINGS,,NSE:ROLEXRINGS
ROLLT,ROLLT,,NSE:ROLLT
ROML,ROML,,NSE:ROML
ROSSARI,ROSSARI,,NSE:ROSSARI
ROSSELLIND,ROSSELLIND,,NSE:ROSSELLIND
ROSSTECH,ROSSTECH,,NSE:ROSSTECH
ROTO,ROTO,,NSE:ROTO
ROUTE,ROUTE,,NSE:ROUTE
RPEL,RPEL,,NSE:RPEL
RPGLIFE,RPGLIFE,,NSE:RPGLIFE
RPOWER,RPOWER,,NSE:RPOWER
RPPINFRA,RPPINFRA,,NSE:RPPINFRA
RPPL,RPPL,,NSE:RPPL
RPSGVENT,RPSGVENT,,NSE:RPSGVENT
RPTECH,RPTECH,,NSE:RPTECH
RRKABEL,RRKABEL,,NSE:RRKABEL
RSSOFTWARE,RSSOFTWARE,,NSE:RSSOFTWARE
RSWM,RSWM,,NSE:RSWM
RSYSTEMS,RSYSTEMS,,NSE:RSYSTEMS
RTNINDIA,RTNINDIA,,NSE:RTNINDIA
RTNPOWER,RTNPOWER,,NSE:RTNPOWER
RUBFILA,RUBFILA,,NSE:RUBFILA
RUBICON,RUBICON,,NSE:RUBICON
RUBYMILLS,RUBYMILLS,,NSE:RUBYMILLS
RUCHINFRA,RUCHINFRA,,NSE:RUCHINFRA
RUCHIRA,RUCHIRA,,NSE:RUCHIRA
RUDRA,RUDRA,,NSE:RUDRA
RUPA,RUPA,,NSE:RUPA
RUSHIL,RUSHIL,,NSE:RUSHIL
RUSTOMJEE,RUSTOMJEE,,NSE:RUSTOMJEE
RVHL,RVHL,,NSE:RVHL
RVNL,RVNL,,NSE:RVNL
RVTH,RVTH,,NSE:RVTH
S&SPOWER,S&SPOWER,,NSE:S&SPOWER
SAATVIKGL,SAATVIKGL,,NSE:SAATVIKGL
SABEVENTS,SABEVENTS,,NSE:SABEVENTS
SADBHAV,SADBHAV,,NSE:SADBHAV
SADBHIN,SADBHIN,,NSE:SADBHIN
SADHNANIQ,SADHNANIQ,,NSE:SADHNANIQ
SAFARI,SAFARI,,NSE:SAFARI
SAGARDEEP,SAGARDEEP,,NSE:SAGARDEEP
SAGCEM,SAGCEM,,NSE:SAGCEM
SAGILITY,SAGILITY,,NSE:SAGILITY
SAHYADRI,SAHYADRI,,NSE:SAHYADRI
SAIL,SAIL,,NSE:SAIL
SAILIFE,SAILIFE,,NSE:SAILIFE
SAKAR,SAKAR,,NSE:SAKAR
SAKHTISUG,SAKHTISUG,,NSE:SAKHTISUG
SAKSOFT,SAKSOFT,,NSE:SAKSOFT
SAKUMA,SAKUMA,,NSE:SAKUMA
SALASAR,SALASAR,,NSE:SALASAR
SALONA,SALONA,,NSE:SALONA
SALSTEEL,SALSTEEL,,NSE:SALSTEEL
SALZERELEC,SALZERELEC,,NSE:SALZERELEC
SAMBHAAV,SAMBHAAV,,NSE:SAMBHAAV
SAMBHV,SAMBHV,,NSE:SAMBHV
SAMHI,SAMHI,,NSE:SAMHI
SAMMAANCAP,SAMMAANCAP,,NSE:SAMMAANCAP
SAMPANN,SAMPANN,,NSE:SAMPANN
SANATHAN,SANATHAN,,NSE:SANATHAN
SANCO,SANCO,,NSE:SANCO
SANDESH,SANDESH,,NSE:SANDESH
SANDHAR,SANDHAR,,NSE:SANDHAR
SANDUMA,SANDUMA,,NSE:SANDUMA
SANGAMIND,SANGAMIND,,NSE:SANGAMIND
SANGHIIND,SANGHIIND,,NSE:SANGHIIND
SANGHVIMOV,SANGHVIMOV,,NSE:SANGHVIMOV
SANGINITA,SANGINITA,,NSE:SANGINITA
SANOFI,SANOFI,,NSE:SANOFI
SANOFICONR,SANOFICONR,,NSE:SANOFICONR
SANSERA,SANSERA,,NSE:SANSERA
SANSTAR,SANSTAR,,NSE:SANSTAR
SANWARIA,SANWARIA,,NSE:SANWARIA
SAPPHIRE,SAPPHIRE,,NSE:SAPPHIRE
SARDAEN,SARDAEN,,NSE:SARDAEN
SAREGAMA,SAREGAMA,,NSE:SAREGAMA
SARLAPOLY,SARLAPOLY,,NSE:SARLAPOLY
SARVESHWAR,SARVESHWAR,,NSE:SARVESHWAR
SASKEN,SASKEN,,NSE:SASKEN
SASTASUNDR,SASTASUNDR,,NSE:SASTASUNDR
SATIA,SATIA,,NSE:SATIA
SATIN,SATIN,,NSE:SATIN
SAURASHCEM,SAURASHCEM,,NSE:SAURASHCEM
SBC,SBC,,NSE:SBC
SBCL,SBCL,,NSE:SBCL
SBFC,SBFC,,NSE:SBFC
SBGLP,SBGLP,,NSE:SBGLP
SBICARD,SBICARD,,NSE:SBICARD
SBILIFE,SBILIFE,,NSE:SBILIFE
SBIN,SBIN,,NSE:SBIN
SCHAEFFLER,SCHAEFFLER,,NSE:SCHAEFFLER
SCHAND,SCHAND,,NSE:SCHAND
SCHNEIDER,SCHNEIDER,,NSE:SCHNEIDER
SCI,SCI,,NSE:SCI
SCILAL,SCILAL,,NSE:SCILAL
SCODATUBES,SCODATUBES,,NSE:SCODATUBES
SCPL,SCPL,,NSE:SCPL
SDBL,SDBL,,NSE:SDBL
SEAMECLTD,SEAMECLTD,,NSE:SEAMECLTD
SECMARK,SECMARK,,NSE:SECMARK
SECURKLOUD,SECURKLOUD,,NSE:SECURKLOUD
SEDEMAC,SEDEMAC,,NSE:SEDEMAC
SEJALLTD,SEJALLTD,,NSE:SEJALLTD
SELMC,SELMC,,NSE:SELMC
SEMAC,SEMAC,,NSE:SEMAC
SENCO,SENCO,,NSE:SENCO
SENORES,SENORES,,NSE:SENORES
SEPC,SEPC,,NSE:SEPC
SERVOTECH,SERVOTECH,,NSE:SERVOTECH
SESHAPAPER,SESHAPAPER,,NSE:SESHAPAPER
SETCO,SETCO,,NSE:SETCO
SETL,SETL,,NSE:SETL
SETUINFRA,SETUINFRA,,NSE:SETUINFRA
SEYAIND,SEYAIND,,NSE:SEYAIND
SFL,SFL,,NSE:SFL
SGFIN,SGFIN,,NSE:SGFIN
SGIL,SGIL,,NSE:SGIL
SGL,SGL,,NSE:SGL
SGMART,SGMART,,NSE:SGMART
SHADOWFAX,SHADOWFAX,,NSE:SHADOWFAX
SHAH,SHAH,,NSE:SHAH
SHAHALLOYS,SHAHALLOYS,,NSE:SHAHALLOYS
SHAILY,SHAILY,,NSE:SHAILY
SHAKTIPUMP,SHAKTIPUMP,,NSE:SHAKTIPUMP
SHALBY,SHALBY,,NSE:SHALBY
SHALPAINTS,SHALPAINTS,,NSE:SHALPAINTS
SHANKARA,SHANKARA,,NSE:SHANKARA
SHANTI,SHANTI,,NSE:SHANTI
SHANTIGEAR,SHANTIGEAR,,NSE:SHANTIGEAR
SHANTIGOLD,SHANTIGOLD,,NSE:SHANTIGOLD
SHARDACROP,SHARDACROP,,NSE:SHARDACROP
SHARDAMOTR,SHARDAMOTR,,NSE:SHARDAMOTR
SHAREINDIA,SHAREINDIA,,NSE:SHAREINDIA
SHEKHAWATI,SHEKHAWATI,,NSE:SHEKHAWATI
SHEMAROO,SHEMAROO,,NSE:SHEMAROO
SHILCTECH,SHILCTECH,,NSE:SHILCTECH
SHILPAMED,SHILPAMED,,NSE:SHILPAMED
SHIVALIK,SHIVALIK,,NSE:SHIVALIK
SHIVAMAUTO,SHIVAMAUTO,,NSE:SHIVAMAUTO
SHIVAMILLS,SHIVAMILLS,,NSE:SHIVAMILLS
SHIVATEX,SHIVATEX,,NSE:SHIVATEX
SHIVAUM,SHIVAUM,,NSE:SHIVAUM
SHK,SHK,,NSE:SHK
SHOPERSTOP,SHOPERSTOP,,NSE:SHOPERSTOP
SHRADHA,SHRADHA,,NSE:SHRADHA
SHREDIGCEM,SHREDIGCEM,,NSE:SHREDIGCEM
SHREECEM,SHREECEM,,NSE:SHREECEM
SHREEJISPG,SHREEJISPG,,NSE:SHREEJISPG
SHREEPUSHK,SHREEPUSHK,,NSE:SHREEPUSHK
SHREERAMA,SHREERAMA,,NSE:SHREERAMA
SHRENIK,SHRENIK,,NSE:SHRENIK
SHREYANIND,SHREYANIND,,NSE:SHREYANIND
SHRINGARMS,SHRINGARMS,,NSE:SHRINGARMS
SHRIPISTON,SHRIPISTON,,NSE:SHRIPISTON
SHRIRAMFIN,SHRIRAMFIN,,NSE:SHRIRAMFIN
SHRIRAMPPS,SHRIRAMPPS,,NSE:SHRIRAMPPS
SHYAMCENT,SHYAMCENT,,NSE:SHYAMCENT
SHYAMMETL,SHYAMMETL,,NSE:SHYAMMETL
SHYAMTEL,SHYAMTEL,,NSE:SHYAMTEL
SICALLOG,SICALLOG,,NSE:SICALLOG
SIEMENS,SIEMENS,,NSE:SIEMENS
SIGACHI,SIGACHI,,NSE:SIGACHI
SIGIND,SIGIND,,NSE:SIGIND
SIGMA,SIGMA,,NSE:SIGMA
SIGMAADV,SIGMAADV,,NSE:SIGMAADV
SIGNATURE,SIGNATURE,,NSE:SIGNATURE
SIGNPOST,SIGNPOST,,NSE:SIGNPOST
SIKKO,SIKKO,,NSE:SIKKO
SIL,SIL,,NSE:SIL
SILGO,SILGO,,NSE:SILGO
SILINV,SILINV,,NSE:SILINV
SILLYMONKS,SILLYMONKS,,NSE:SILLYMONKS
SILVERTUC,SILVERTUC,,NSE:SILVERTUC
SIMBHALS,SIMBHALS,,NSE:SIMBHALS
SIMPLEXINF,SIMPLEXINF,,NSE:SIMPLEXINF
SINCLAIR,SINCLAIR,,NSE:SINCLAIR
SINDHUTRAD,SINDHUTRAD,,NSE:SINDHUTRAD
SINTERCOM,SINTERCOM,,NSE:SINTERCOM
SIRCA,SIRCA,,NSE:SIRCA
SIS,SIS,,NSE:SIS
SITINET,SITINET,,NSE:SITINET
SIYSIL,SIYSIL,,NSE:SIYSIL
SJS,SJS,,NSE:SJS
SJVN,SJVN,,NSE:SJVN
SKFINDIA,SKFINDIA,,NSE:SKFINDIA
SKFINDUS,SKFINDUS,,NSE:SKFINDUS
SKIL,SKIL,,NSE:SKIL
SKIPPER,SKIPPER,,NSE:SKIPPER
SKMEGGPROD,SKMEGGPROD,,NSE:SKMEGGPROD
SKYGOLD,SKYGOLD,,NSE:SKYGOLD
SMARTLINK,SMARTLINK,,NSE:SMARTLINK
SMARTWORKS,SMARTWORKS,,NSE:SMARTWORKS
SMCGLOBAL,SMCGLOBAL,,NSE:SMCGLOBAL
SMLMAH,SMLMAH,,NSE:SMLMAH
SMLT,SMLT,,NSE:SMLT
SMSPHARMA,SMSPHARMA,,NSE:SMSPHARMA
SNOWMAN,SNOWMAN,,NSE:SNOWMAN
SOBHA,SOBHA,,NSE:SOBHA
SOFTTECH,SOFTTECH,,NSE:SOFTTECH
SOLARA,SOLARA,,NSE:SOLARA
SOLARINDS,SOLARINDS,,NSE:SOLARINDS
SOLARWORLD,SOLARWORLD,,NSE:SOLARWORLD
SOLEX,SOLEX,,NSE:SOLEX
SOMANYCERA,SOMANYCERA,,NSE:SOMANYCERA
SOMATEX,SOMATEX,,NSE:SOMATEX
SOMICONVEY,SOMICONVEY,,NSE:SOMICONVEY
SONACOMS,SONACOMS,,NSE:SONACOMS
SONAMLTD,SONAMLTD,,NSE:SONAMLTD
SONATSOFTW,SONATSOFTW,,NSE:SONATSOFTW
SOTL,SOTL,,NSE:SOTL
SOUTHBANK,SOUTHBANK,,NSE:SOUTHBANK
SOUTHWEST,SOUTHWEST,,NSE:SOUTHWEST
SPAL,SPAL,,NSE:SPAL
SPANDANA,SPANDANA,,NSE:SPANDANA
SPARC,SPARC,,NSE:SPARC
SPCENET,SPCENET,,NSE:SPCENET
SPECIALITY,SPECIALITY,,NSE:SPECIALITY
SPECTRUM,SPECTRUM,,NSE:SPECTRUM
SPENCERS,SPENCERS,,NSE:SPENCERS
SPIC,SPIC,,NSE:SPIC
SPLIL,SPLIL,,NSE:SPLIL
SPLPETRO,SPLPETRO,,NSE:SPLPETRO
SPMLINFRA,SPMLINFRA,,NSE:SPMLINFRA
SPORTKING,SPORTKING,,NSE:SPORTKING
SRD,SRD,,NSE:SRD
SREEL,SREEL,,NSE:SREEL
SRF,SRF,,NSE:SRF
SRGHFL,SRGHFL,,NSE:SRGHFL
SRHHYPOLTD,SRHHYPOLTD,,NSE:SRHHYPOLTD
SRM,SRM,,NSE:SRM
SRPL,SRPL,,NSE:SRPL
SRTL,SRTL,,NSE:SRTL
SSDL,SSDL,,NSE:SSDL
SSWL,SSWL,,NSE:SSWL
STALLION,STALLION,,NSE:STALLION
STANLEY,STANLEY,,NSE:STANLEY
STAR,STAR,,NSE:STAR
STARCEMENT,STARCEMENT,,NSE:STARCEMENT
STARHEALTH,STARHEALTH,,NSE:STARHEALTH
STARPAPER,STARPAPER,,NSE:STARPAPER
STARTECK,STARTECK,,NSE:STARTECK
STCINDIA,STCINDIA,,NSE:STCINDIA
STEELCAS,STEELCAS,,NSE:STEELCAS
STEELCITY,STEELCITY,,NSE:STEELCITY
STEELXIND,STEELXIND,,NSE:STEELXIND
STEL,STEL,,NSE:STEL
STERTOOLS,STERTOOLS,,NSE:STERTOOLS
STLNETWORK,STLNETWORK,,NSE:STLNETWORK
STLTECH,STLTECH,,NSE:STLTECH
STOVEKRAFT,STOVEKRAFT,,NSE:STOVEKRAFT
STUDDS,STUDDS,,NSE:STUDDS
STYL,STYL,,NSE:STYL
STYLAMIND,STYLAMIND,,NSE:STYLAMIND
STYLEBAAZA,STYLEBAAZA,,NSE:STYLEBAAZA
STYRENIX,STYRENIX,,NSE:STYRENIX
SUBEXLTD,SUBEXLTD,,NSE:SUBEXLTD
SUBROS,SUBROS,,NSE:SUBROS
SUDARCOLOR,SUDARCOLOR,,NSE:SUDARCOLOR
SUDARSCHEM,SUDARSCHEM,,NSE:SUDARSCHEM
SUDEEPPHRM,SUDEEPPHRM,,NSE:SUDEEPPHRM
SUKHJITS,SUKHJITS,,NSE:SUKHJITS
SULA,SULA,,NSE:SULA
SUMEETINDS,SUMEETINDS,,NSE:SUMEETINDS
SUMICHEM,SUMICHEM,,NSE:SUMICHEM
SUMIT,SUMIT,,NSE:SUMIT
SUMMITSEC,SUMMITSEC,,NSE:SUMMITSEC
SUNCLAY,SUNCLAY,,NSE:SUNCLAY
SUNDARAM,SUNDARAM,,NSE:SUNDARAM
SUNDARMFIN,SUNDARMFIN,,NSE:SUNDARMFIN
SUNDRMBRAK,SUNDRMBRAK,,NSE:SUNDRMBRAK
SUNDRMFAST,SUNDRMFAST,,NSE:SUNDRMFAST
SUNDROP,SUNDROP,,NSE:SUNDROP
SUNFLAG,SUNFLAG,,NSE:SUNFLAG
SUNPHARMA,SUNPHARMA,,NSE:SUNPHARMA
SUNTECK,SUNTECK,,NSE:SUNTECK
SUNTV,SUNTV,,NSE:SUNTV
SUPERHOUSE,SUPERHOUSE,,NSE:SUPERHOUSE
SUPERSPIN,SUPERSPIN,,NSE:SUPERSPIN
SUPRAJIT,SUPRAJIT,,NSE:SUPRAJIT
SUPREME,SUPREME,,NSE:SUPREME
SUPREMEENG,SUPREMEENG,,NSE:SUPREMEENG
SUPREMEIND,SUPREMEIND,,NSE:SUPREMEIND
SUPREMEINF,SUPREMEINF,,NSE:SUPREMEINF
SUPRIYA,SUPRIYA,,NSE:SUPRIYA
SURAJEST,SURAJEST,,NSE:SURAJEST
SURAJLTD,SURAJLTD,,NSE:SURAJLTD
SURAKSHA,SURAKSHA,,NSE:SURAKSHA
SURANASOL,SURANASOL,,NSE:SURANASOL
SURANAT&P,SURANAT&P,,NSE:SURANAT&P
SURYALAXMI,SURYALAXMI,,NSE:SURYALAXMI
SURYAROSNI,SURYAROSNI,,NSE:SURYAROSNI
SURYODAY,SURYODAY,,NSE:SURYODAY
SUTLEJTEX,SUTLEJTEX,,NSE:SUTLEJTEX
SUVEN,SUVEN,,NSE:SUVEN
SUVIDHAA,SUVIDHAA,,NSE:SUVIDHAA
SUYOG,SUYOG,,NSE:SUYOG
SUZLON,SUZLON,,NSE:SUZLON
SVLL,SVLL,,NSE:SVLL
SVPGLOB,SVPGLOB,,NSE:SVPGLOB
SWANCORP,SWANCORP,,NSE:SWANCORP
SWANDEF,SWANDEF,,NSE:SWANDEF
SWARAJENG,SWARAJENG,,NSE:SWARAJENG
SWELECTES,SWELECTES,,NSE:SWELECTES
SWIGGY,SWIGGY,,NSE:SWIGGY
SWSOLAR,SWSOLAR,,NSE:SWSOLAR
SYMPHONY,SYMPHONY,,NSE:SYMPHONY
SYNCOMF,SYNCOMF,,NSE:SYNCOMF
SYNGENE,SYNGENE,,NSE:SYNGENE
SYRMA,SYRMA,,NSE:SYRMA
SYSTMTXC,SYSTMTXC,,NSE:SYSTMTXC
TAINWALCHM,TAINWALCHM,,NSE:TAINWALCHM
TAJGVK,TAJGVK,,NSE:TAJGVK
TAKE,TAKE,,NSE:TAKE
TALBROAUTO,TALBROAUTO,,NSE:TALBROAUTO
TANLA,TANLA,,NSE:TANLA
TARACHAND,TARACHAND,,NSE:TARACHAND
TARAPUR,TARAPUR,,NSE:TARAPUR
TARC,TARC,,NSE:TARC
TARIL,TARIL,,NSE:TARIL
TARMAT,TARMAT,,NSE:TARMAT
TARSONS,TARSONS,,NSE:TARSONS
TASTYBITE,TASTYBITE,,NSE:TASTYBITE
TATACAP,TATACAP,,NSE:TATACAP
TATACHEM,TATACHEM,,NSE:TATACHEM
TATACOMM,TATACOMM,,NSE:TATACOMM
TATACONSUM,TATACONSUM,,NSE:TATACONSUM
TATAELXSI,TATAELXSI,,NSE:TATAELXSI
TATAINVEST,TATAINVEST,,NSE:TATAINVEST
TATAPOWER,TATAPOWER,,NSE:TATAPOWER
TATASTEEL,TATASTEEL,,NSE:TATASTEEL
TATATECH,TATATECH,,NSE:TATATECH
TATVA,TATVA,,NSE:TATVA
TBOTEK,TBOTEK,,NSE:TBOTEK
TBZ,TBZ,,NSE:TBZ
TCC,TCC,,NSE:TCC
TCI,TCI,,NSE:TCI
TCIEXP,TCIEXP,,NSE:TCIEXP
TCIFINANCE,TCIFINANCE,,NSE:TCIFINANCE
TCPLPACK,TCPLPACK,,NSE:TCPLPACK
TCS,TCS,,NSE:TCS
TDPOWERSYS,TDPOWERSYS,,NSE:TDPOWERSYS
TEAMGTY,TEAMGTY,,NSE:TEAMGTY
TEAMLEASE,TEAMLEASE,,NSE:TEAMLEASE
TECHM,TECHM,,NSE:TECHM
TECHNOE,TECHNOE,,NSE:TECHNOE
TECILCHEM,TECILCHEM,,NSE:TECILCHEM
TEGA,TEGA,,NSE:TEGA
TEJASNET,TEJASNET,,NSE:TEJASNET
TEMBO,TEMBO,,NSE:TEMBO
TENNIND,TENNIND,,NSE:TENNIND
TERASOFT,TERASOFT,,NSE:TERASOFT
TEXINFRA,TEXINFRA,,NSE:TEXINFRA
TEXMOPIPES,TEXMOPIPES,,NSE:TEXMOPIPES
TEXRAIL,TEXRAIL,,NSE:TEXRAIL
TFCILTD,TFCILTD,,NSE:TFCILTD
TFL,TFL,,NSE:TFL
TGBHOTELS,TGBHOTELS,,NSE:TGBHOTELS
THANGAMAYL,THANGAMAYL,,NSE:THANGAMAYL
THEINVEST,THEINVEST,,NSE:THEINVEST
THEJO,THEJO,,NSE:THEJO
THELEELA,THELEELA,,NSE:THELEELA
THEMISMED,THEMISMED,,NSE:THEMISMED
THERMAX,THERMAX,,NSE:THERMAX
THOMASCOOK,THOMASCOOK,,NSE:THOMASCOOK
THOMASCOTT,THOMASCOTT,,NSE:THOMASCOTT
THYROCARE,THYROCARE,,NSE:THYROCARE
TI,TI,,NSE:TI
TICL,TICL,,NSE:TICL
TIGERLOGS,TIGERLOGS,,NSE:TIGERLOGS
TIIL,TIIL,,NSE:TIIL
TIINDIA,TIINDIA,,NSE:TIINDIA
TIJARIA,TIJARIA,,NSE:TIJARIA
TIL,TIL,,NSE:TIL
TIMETECHNO,TIMETECHNO,,NSE:TIMETECHNO
TIMKEN,TIMKEN,,NSE:TIMKEN
TINNARUBR,TINNARUBR,,NSE:TINNARUBR
TIPSFILMS,TIPSFILMS,,NSE:TIPSFILMS
TIPSMUSIC,TIPSMUSIC,,NSE:TIPSMUSIC
TIRUMALCHM,TIRUMALCHM,,NSE:TIRUMALCHM
TIRUPATIFL,TIRUPATIFL,,NSE:TIRUPATIFL
TITAGARH,TITAGARH,,NSE:TITAGARH
TITAN,TITAN,,NSE:TITAN
TMB,TMB,,NSE:TMB
TMCV,TMCV,,NSE:TMCV
TMPV,TMPV,,NSE:TMPV
TNPETRO,TNPETRO,,NSE:TNPETRO
TNPL,TNPL,,NSE:TNPL
TNTELE,TNTELE,,NSE:TNTELE
TOKYOPLAST,TOKYOPLAST,,NSE:TOKYOPLAST
TOLINS,TOLINS,,NSE:TOLINS
TORNTPHARM,TORNTPHARM,,NSE:TORNTPHARM
TORNTPOWER,TORNTPOWER,,NSE:TORNTPOWER
TOTAL,TOTAL,,NSE:TOTAL
TOUCHWOOD,TOUCHWOOD,,NSE:TOUCHWOOD
TPHQ,TPHQ,,NSE:TPHQ
TPLPLASTEH,TPLPLASTEH,,NSE:TPLPLASTEH
TRACXN,TRACXN,,NSE:TRACXN
TRANSRAILL,TRANSRAILL,,NSE:TRANSRAILL
TRANSWORLD,TRANSWORLD,,NSE:TRANSWORLD
TRAVELFOOD,TRAVELFOOD,,NSE:TRAVELFOOD
TREEHOUSE,TREEHOUSE,,NSE:TREEHOUSE
TREJHARA,TREJHARA,,NSE:TREJHARA
TREL,TREL,,NSE:TREL
TRENT,TRENT,,NSE:TRENT
TRF,TRF,,NSE:TRF
TRIDENT,TRIDENT,,NSE:TRIDENT
TRIGYN,TRIGYN,,NSE:TRIGYN
TRITURBINE,TRITURBINE,,NSE:TRITURBINE
TRIVENI,TRIVENI,,NSE:TRIVENI
TRU,TRU,,NSE:TRU
TRUALT,TRUALT,,NSE:TRUALT
TSFINV,TSFINV,,NSE:TSFINV
TTKHLTCARE,TTKHLTCARE,,NSE:TTKHLTCARE
TTKPRESTIG,TTKPRESTIG,,NSE:TTKPRESTIG
TTL,TTL,,NSE:TTL
TTML,TTML,,NSE:TTML
TVSELECT,TVSELECT,,NSE:TVSELECT
TVSHLTD,TVSHLTD,,NSE:TVSHLTD
TVSMOTOR,TVSMOTOR,,NSE:TVSMOTOR
TVSSCS,TVSSCS,,NSE:TVSSCS
TVSSRICHAK,TVSSRICHAK,,NSE:TVSSRICHAK
TVTODAY,TVTODAY,,NSE:TVTODAY
TVVISION,TVVISION,,NSE:TVVISION
UBL,UBL,,NSE:UBL
UCAL,UCAL,,NSE:UCAL
UCOBANK,UCOBANK,,NSE:UCOBANK
UDS,UDS,,NSE:UDS
UEL,UEL,,NSE:UEL
UFBL,UFBL,,NSE:UFBL
UFLEX,UFLEX,,NSE:UFLEX
UFO,UFO,,NSE:UFO
UGARSUGAR,UGARSUGAR,,NSE:UGARSUGAR
UGROCAP,UGROCAP,,NSE:UGROCAP
UJJIVANSFB,UJJIVANSFB,,NSE:UJJIVANSFB
ULTRACEMCO,ULTRACEMCO,,NSE:ULTRACEMCO
UMAEXPORTS,UMAEXPORTS,,NSE:UMAEXPORTS
UMESLTD,UMESLTD,,NSE:UMESLTD
UMIYA-MRO,UMIYA-MRO,,NSE:UMIYA-MRO
UNICHEMLAB,UNICHEMLAB,,NSE:UNICHEMLAB
UNIDT,UNIDT,,NSE:UNIDT
UNIECOM,UNIECOM,,NSE:UNIECOM
UNIENTER,UNIENTER,,NSE:UNIENTER
UNIINFO,UNIINFO,,NSE:UNIINFO
UNIMECH,UNIMECH,,NSE:UNIMECH
UNIONBANK,UNIONBANK,,NSE:UNIONBANK
UNIPARTS,UNIPARTS,,NSE:UNIPARTS
UNITDSPR,UNITDSPR,,NSE:UNITDSPR
UNITECH,UNITECH,,NSE:UNITECH
UNITEDPOLY,UNITEDPOLY,,NSE:UNITEDPOLY
UNITEDTEA,UNITEDTEA,,NSE:UNITEDTEA
UNIVAFOODS,UNIVAFOODS,,NSE:UNIVAFOODS
UNIVASTU,UNIVASTU,,NSE:UNIVASTU
UNIVCABLES,UNIVCABLES,,NSE:UNIVCABLES
UNIVPHOTO,UNIVPHOTO,,NSE:UNIVPHOTO
UNOMINDA,UNOMINDA,,NSE:UNOMINDA
UPL,UPL,,NSE:UPL
URAVIDEF,URAVIDEF,,NSE:URAVIDEF
URBANCO,URBANCO,,NSE:URBANCO
URJA,URJA,,NSE:URJA
USHAMART,USHAMART,,NSE:USHAMART
USK,USK,,NSE:USK
UTIAMC,UTIAMC,,NSE:UTIAMC
UTKARSHBNK,UTKARSHBNK,,NSE:UTKARSHBNK
UTLSOLAR,UTLSOLAR,,NSE:UTLSOLAR
UTTAMSUGAR,UTTAMSUGAR,,NSE:UTTAMSUGAR
UYFINCORP,UYFINCORP,,NSE:UYFINCORP
V2RETAIL,V2RETAIL,,NSE:V2RETAIL
VADILALIND,VADILALIND,,NSE:VADILALIND
VAIBHAVGBL,VAIBHAVGBL,,NSE:VAIBHAVGBL
VAISHALI,VAISHALI,,NSE:VAISHALI
VAKRANGEE,VAKRANGEE,,NSE:VAKRANGEE
VALIANTLAB,VALIANTLAB,,NSE:VALIANTLAB
VALIANTORG,VALIANTORG,,NSE:VALIANTORG
VARDHACRLC,VARDHACRLC,,NSE:VARDHACRLC
VARDMNPOLY,VARDMNPOLY,,NSE:VARDMNPOLY
VARROC,VARROC,,NSE:VARROC
VASCONEQ,VASCONEQ,,NSE:VASCONEQ
VASWANI,VASWANI,,NSE:VASWANI
VBL,VBL,,NSE:VBL
VCL,VCL,,NSE:VCL
VEDL,VEDL,,NSE:VEDL
VEEDOL,VEEDOL,,NSE:VEEDOL
VENKEYS,VENKEYS,,NSE:VENKEYS
VENTIVE,VENTIVE,,NSE:VENTIVE
VENUSPIPES,VENUSPIPES,,NSE:VENUSPIPES
VENUSREM,VENUSREM,,NSE:VENUSREM
VERANDA,VERANDA,,NSE:VERANDA
VERTOZ,VERTOZ,,NSE:VERTOZ
VESUVIUS,VESUVIUS,,NSE:VESUVIUS
VETO,VETO,,NSE:VETO
VGL,VGL,,NSE:VGL
VGUARD,VGUARD,,NSE:VGUARD
VHL,VHL,,NSE:VHL
VHLTD,VHLTD,,NSE:VHLTD
VIDHIING,VIDHIING,,NSE:VIDHIING
VIDYAWIRES,VIDYAWIRES,,NSE:VIDYAWIRES
VIJAYA,VIJAYA,,NSE:VIJAYA
VIJIFIN,VIJIFIN,,NSE:VIJIFIN
VIKASECO,VIKASECO,,NSE:VIKASECO
VIKASLIFE,VIKASLIFE,,NSE:VIKASLIFE
VIKRAMSOLR,VIKRAMSOLR,,NSE:VIKRAMSOLR
VIKRAN,VIKRAN,,NSE:VIKRAN
VIMTALABS,VIMTALABS,,NSE:VIMTALABS
VINATIORGA,VINATIORGA,,NSE:VINATIORGA
VINCOFE,VINCOFE,,NSE:VINCOFE
VINDHYATEL,VINDHYATEL,,NSE:VINDHYATEL
VINEETLAB,VINEETLAB,,NSE:VINEETLAB
VINNY,VINNY,,NSE:VINNY
VINYLINDIA,VINYLINDIA,,NSE:VINYLINDIA
VIPCLOTHNG,VIPCLOTHNG,,NSE:VIPCLOTHNG
VIPIND,VIPIND,,NSE:VIPIND
VIPULLTD,VIPULLTD,,NSE:VIPULLTD
VIRINCHI,VIRINCHI,,NSE:VIRINCHI
VISAKAIND,VISAKAIND,,NSE:VISAKAIND
VISASTEEL,VISASTEEL,,NSE:VISASTEEL
VISHNU,VISHNU,,NSE:VISHNU
VISHWARAJ,VISHWARAJ,,NSE:VISHWARAJ
VITAL,VITAL,,NSE:VITAL
VIVIDHA,VIVIDHA,,NSE:VIVIDHA
VIVIMEDLAB,VIVIMEDLAB,,NSE:VIVIMEDLAB
VIYASH,VIYASH,,NSE:VIYASH
VLEGOV,VLEGOV,,NSE:VLEGOV
VLSFINANCE,VLSFINANCE,,NSE:VLSFINANCE
VMART,VMART,,NSE:VMART
VMM,VMM,,NSE:VMM
VMSTMT,VMSTMT,,NSE:VMSTMT
VOLTAMP,VOLTAMP,,NSE:VOLTAMP
VOLTAS,VOLTAS,,NSE:VOLTAS
VPRPL,VPRPL,,NSE:VPRPL
VRAJ,VRAJ,,NSE:VRAJ
VRLLOG,VRLLOG,,NSE:VRLLOG
VSSL,VSSL,,NSE:VSSL
VSTIND,VSTIND,,NSE:VSTIND
VSTL,VSTL,,NSE:VSTL
VSTTILLERS,VSTTILLERS,,NSE:VSTTILLERS
VTL,VTL,,NSE:VTL
WAAREEENER,WAAREEENER,,NSE:WAAREEENER
WAAREEINDO,WAAREEINDO,,NSE:WAAREEINDO
WAAREERTL,WAAREERTL,,NSE:WAAREERTL
WABAG,WABAG,,NSE:WABAG
WAKEFIT,WAKEFIT,,NSE:WAKEFIT
WALCHANNAG,WALCHANNAG,,NSE:WALCHANNAG
WANBURY,WANBURY,,NSE:WANBURY
WCIL,WCIL,,NSE:WCIL
WEALTH,WEALTH,,NSE:WEALTH
WEBELSOLAR,WEBELSOLAR,,NSE:WEBELSOLAR
WEIZMANIND,WEIZMANIND,,NSE:WEIZMANIND
WEL,WEL,,NSE:WEL
WELCORP,WELCORP,,NSE:WELCORP
WELENT,WELENT,,NSE:WELENT
WELINV,WELINV,,NSE:WELINV
WELSPUNLIV,WELSPUNLIV,,NSE:WELSPUNLIV
WENDT,WENDT,,NSE:WENDT
WESTLIFE,WESTLIFE,,NSE:WESTLIFE
WEWIN,WEWIN,,NSE:WEWIN
WEWORK,WEWORK,,NSE:WEWORK
WHEELS,WHEELS,,NSE:WHEELS
WHIRLPOOL,WHIRLPOOL,,NSE:WHIRLPOOL
WILLAMAGOR,WILLAMAGOR,,NSE:WILLAMAGOR
WINDLAS,WINDLAS,,NSE:WINDLAS
WINDMACHIN,WINDMACHIN,,NSE:WINDMACHIN
WINSOME,WINSOME,,NSE:WINSOME
WIPL,WIPL,,NSE:WIPL
WIPRO,WIPRO,,NSE:WIPRO
WOCKPHARMA,WOCKPHARMA,,NSE:WOCKPHARMA
WONDERLA,WONDERLA,,NSE:WONDERLA
WORTHPERI,WORTHPERI,,NSE:WORTHPERI
WSI,WSI,,NSE:WSI
WSTCSTPAPR,WSTCSTPAPR,,NSE:WSTCSTPAPR
XCHANGING,XCHANGING,,NSE:XCHANGING
XELPMOC,XELPMOC,,NSE:XELPMOC
XPROINDIA,XPROINDIA,,NSE:XPROINDIA
XTGLOBAL,XTGLOBAL,,NSE:XTGLOBAL
YASHO,YASHO,,NSE:YASHO
YATHARTH,YATHARTH,,NSE:YATHARTH
YATRA,YATRA,,NSE:YATRA
YESBANK,YESBANK,,NSE:YESBANK
YUKEN,YUKEN,,NSE:YUKEN
ZAGGLE,ZAGGLE,,NSE:ZAGGLE
ZEEL,ZEEL,,NSE:ZEEL
ZEELEARN,ZEELEARN,,NSE:ZEELEARN
ZEEMEDIA,ZEEMEDIA,,NSE:ZEEMEDIA
ZENITHEXPO,ZENITHEXPO,,NSE:ZENITHEXPO
ZENITHSTL,ZENITHSTL,,NSE:ZENITHSTL
ZENSARTECH,ZENSARTECH,,NSE:ZENSARTECH
ZENTEC,ZENTEC,,NSE:ZENTEC
ZFCVINDIA,ZFCVINDIA,,NSE:ZFCVINDIA
ZIMLAB,ZIMLAB,,NSE:ZIMLAB
ZODIAC,ZODIAC,,NSE:ZODIAC
ZODIACLOTH,ZODIACLOTH,,NSE:ZODIACLOTH
ZOTA,ZOTA,,NSE:ZOTA
ZUARI,ZUARI,,NSE:ZUARI
ZUARIIND,ZUARIIND,,NSE:ZUARIIND
ZYDUSLIFE,ZYDUSLIFE,,NSE:ZYDUSLIFE
ZYDUSWELL,ZYDUSWELL,,NSE:ZYDUSWELL
